episode,ply,player,kind,intent,from_x,from_y,to_x,to_y,drop_type,capture_value,gives_check,status,winner,timed_out,reward,target,value_before,value_after
1,1,B,0,0,3,2,4,3,0,0,0,ongoing,-,0,0.002000,0.002000,0.000000,0.000000
1,2,W,0,0,3,6,4,5,0,0,0,ongoing,-,0,0.037993,0.037928,0.000068,0.000069
1,3,B,1,0,-1,-1,4,3,12,0,0,ongoing,-,0,0.014987,0.013688,0.001367,0.001367
1,4,W,0,2,3,8,3,0,0,600,1,ongoing,-,0,0.355980,0.354758,0.001795,0.001286
1,5,B,0,1,4,0,4,1,0,0,0,ongoing,-,0,-0.006000,-0.020496,0.010260,0.015259
1,6,W,1,0,-1,-1,4,5,12,0,1,ongoing,-,0,0.266966,0.257891,0.014422,0.009552
1,7,B,0,2,4,1,3,0,0,900,0,ongoing,-,0,0.430459,0.409422,0.016212,0.022144
1,8,W,0,2,4,5,4,1,0,250,0,ongoing,-,0,0.054202,0.023411,0.031951,0.032411
1,9,B,0,2,4,3,4,7,0,250,0,ongoing,-,0,0.075195,0.043226,0.032116,0.033651
1,10,W,1,0,-1,-1,5,8,13,0,0,ongoing,-,0,-0.023063,-0.056382,0.034054,0.035073
1,11,B,1,0,-1,-1,7,6,4,0,0,ongoing,-,0,-0.023070,-0.052151,0.031550,0.030612
1,12,W,1,0,-1,-1,6,8,5,0,0,ongoing,-,0,-0.023077,-0.049853,0.027352,0.028185
1,13,B,1,0,-1,-1,3,7,10,0,1,ongoing,-,0,0.294915,0.275585,0.025178,0.020348
1,14,W,0,2,2,6,3,7,0,500,0,ongoing,-,0,0.356908,0.323426,0.027647,0.035244
1,15,B,1,0,-1,-1,7,4,13,0,0,ongoing,-,0,-0.023100,-0.063500,0.043870,0.042526
1,16,W,1,0,-1,-1,3,1,10,0,1,ongoing,-,0,0.337892,0.305538,0.038344,0.034057
1,17,B,0,2,2,2,3,1,0,500,0,ongoing,-,0,0.382760,0.336673,0.041861,0.048513
1,18,W,1,0,-1,-1,8,4,10,0,0,ongoing,-,0,-0.023123,-0.079118,0.057126,0.058943
1,19,B,1,0,-1,-1,4,7,10,0,1,ongoing,-,0,0.292869,0.250196,0.053636,0.044919
1,20,W,2,0,-1,-1,-1,-1,0,0,0,resigned,B,0,-1.873139,-1.873139,0.050610,0.000000
2,1,B,1,0,-1,-1,6,2,4,0,0,ongoing,-,0,-0.023000,-0.028447,0.005732,0.005733
2,2,W,0,0,3,6,4,5,0,0,0,ongoing,-,0,0.001993,-0.002348,0.004574,0.004570
2,3,B,0,0,4,2,4,3,0,0,0,ongoing,-,0,0.001987,-0.002001,0.004335,0.004198
2,4,W,1,0,-1,-1,0,6,8,0,0,ongoing,-,0,-0.023020,-0.026800,0.003980,0.003978
2,5,B,1,0,-1,-1,4,3,12,0,0,ongoing,-,0,0.014973,0.012208,0.002910,0.002910
2,6,W,1,0,-1,-1,1,5,12,0,0,ongoing,-,0,-0.023034,-0.026378,0.003233,0.003520
2,7,B,0,2,4,3,4,7,0,250,0,ongoing,-,0,0.075209,0.073134,0.002492,0.002184
2,8,W,1,0,-1,-1,5,7,4,0,0,ongoing,-,0,-0.023048,-0.027700,0.004637,0.004896
2,9,B,1,0,-1,-1,4,7,10,0,1,ongoing,-,0,0.292945,0.297571,0.003718,-0.004870
2,10,W,2,0,-1,-1,-1,-1,0,0,0,resigned,B,0,-1.873063,-1.873063,0.002900,0.000000
3,1,B,0,0,3,2,3,1,0,0,0,ongoing,-,0,-0.023000,0.006791,-0.031358,-0.031359
3,2,W,0,0,3,6,4,5,0,0,0,ongoing,-,0,0.019993,0.048556,-0.030065,-0.030066
3,3,B,0,0,4,2,4,3,0,0,0,ongoing,-,0,0.001987,0.028272,-0.027401,-0.027669
3,4,W,1,0,-1,-1,2,6,13,0,0,ongoing,-,0,-0.023020,0.001894,-0.025759,-0.026226
3,5,B,1,0,-1,-1,5,1,7,0,0,ongoing,-,0,-0.023027,0.000531,-0.025266,-0.024798
3,6,W,0,2,3,8,3,1,0,350,1,ongoing,-,0,0.329716,0.365168,-0.023902,-0.037319
3,7,B,0,1,2,2,3,1,0,0,0,ongoing,-,0,-0.006000,0.004284,-0.027503,-0.010825
3,8,W,1,0,-1,-1,2,6,3,0,0,ongoing,-,0,-0.023048,-0.013453,-0.010024,-0.010101
3,9,B,1,0,-1,-1,7,0,5,0,0,ongoing,-,0,-0.023055,-0.013419,-0.010220,-0.010144
3,10,W,1,0,-1,-1,4,2,3,0,0,ongoing,-,0,0.053937,0.063754,-0.010255,-0.010333
3,11,B,0,2,4,1,4,2,0,250,0,ongoing,-,0,0.028180,0.035514,-0.007764,-0.007720
3,12,W,1,0,-1,-1,4,1,10,0,1,ongoing,-,0,0.328923,0.351530,-0.006217,-0.023797
3,13,B,0,2,4,0,4,1,0,500,0,ongoing,-,0,0.370040,0.364504,-0.014753,0.005827
3,14,W,1,0,-1,-1,3,2,10,0,1,ongoing,-,0,0.282908,0.288257,0.015578,-0.005631
3,15,B,0,2,4,1,3,2,0,500,0,ongoing,-,0,0.320400,0.295353,0.001332,0.026366
3,16,W,1,0,-1,-1,2,2,4,0,1,ongoing,-,0,0.293893,0.286003,0.033865,0.008305
3,17,B,0,1,3,2,4,2,0,0,0,ongoing,-,0,-0.006000,-0.047694,0.014684,0.043888
3,18,W,0,0,4,8,3,8,0,0,0,ongoing,-,0,-0.023123,-0.061097,0.042256,0.039973
3,19,B,1,0,-1,-1,4,3,12,0,0,ongoing,-,0,0.014869,-0.021430,0.036318,0.038209
3,20,W,1,0,-1,-1,4,5,12,0,1,ongoing,-,0,0.267861,0.258584,0.036167,0.009765
3,21,B,0,0,4,2,3,3,0,0,0,ongoing,-,0,0.234978,0.189516,0.015610,0.047855
3,22,W,1,0,-1,-1,7,7,7,0,0,ongoing,-,0,-0.023155,-0.067516,0.052581,0.046696
3,23,B,0,2,4,3,4,7,0,250,0,ongoing,-,0,0.049087,0.007917,0.042346,0.043337
3,24,W,1,0,-1,-1,3,2,8,0,1,ongoing,-,0,0.265829,0.252236,0.042135,0.014308
3,25,B,0,2,3,1,3,2,0,400,0,ongoing,-,0,0.318196,0.274532,0.019719,0.045962
3,26,W,0,2,3,1,3,2,0,200,1,ongoing,-,0,0.305813,0.281872,0.052522,0.025201
3,27,B,0,1,3,3,3,2,0,0,0,ongoing,-,0,-0.006000,-0.061413,0.031144,0.058329
3,28,W,0,1,4,5,4,2,0,0,1,ongoing,-,0,0.241796,0.214141,0.055915,0.029110
3,29,B,0,2,3,2,4,2,0,350,0,ongoing,-,0,0.285787,0.222434,0.033176,0.066688
3,30,W,1,0,-1,-1,1,4,5,0,0,ongoing,-,0,-0.023221,-0.085000,0.071630,0.065030
3,31,B,1,0,-1,-1,3,7,10,0,1,ongoing,-,0,0.337770,0.294118,0.060261,0.045950
3,32,W,0,2,3,2,3,7,0,500,0,ongoing,-,0,0.332636,0.268771,0.051622,0.067227
3,33,B,1,0,-1,-1,4,7,10,0,1,ongoing,-,0,0.272753,0.220802,0.072517,0.054685
3,34,W,0,1,3,8,2,7,0,0,0,ongoing,-,0,-0.006000,-0.079099,0.058095,0.076946
3,35,B,0,1,4,7,3,7,0,0,1,ongoing,-,0,0.260735,0.212061,0.073802,0.051235
3,36,W,0,2,2,7,3,7,0,500,0,ongoing,-,0,0.355101,0.280732,0.054293,0.078283
3,37,B,1,0,-1,-1,4,7,4,0,1,ongoing,-,0,0.257717,0.199773,0.083449,0.060993
3,38,W,0,2,3,7,4,7,0,650,0,ongoing,-,0,0.412833,0.343132,0.063653,0.073369
3,39,B,0,1,5,0,3,0,0,0,0,ongoing,-,0,0.036699,-0.043430,0.079171,0.084346
3,40,W,0,0,3,7,3,2,0,0,0,ongoing,-,0,0.047314,-0.024766,0.081567,0.075874
3,41,B,0,2,3,0,3,2,0,900,0,ongoing,-,0,0.232180,0.162707,0.073466,0.073130
3,42,W,0,1,2,2,3,2,0,0,1,ongoing,-,0,0.274046,0.228199,0.075125,0.048260
3,43,B,0,2,4,2,3,2,0,300,0,ongoing,-,0,0.332036,0.261799,0.051235,0.073934
3,44,W,0,1,6,6,5,6,0,0,0,ongoing,-,0,-0.023723,-0.101270,0.077803,0.081629
3,45,B,0,1,3,2,3,0,0,0,0,ongoing,-,0,0.051642,-0.011886,0.078035,0.066872
3,46,W,0,2,1,4,3,2,0,900,0,ongoing,-,0,0.171632,0.101325,0.065157,0.074008
3,47,B,0,2,3,0,3,2,0,300,0,ongoing,-,0,0.042123,-0.024983,0.074701,0.070638
3,48,W,0,1,4,7,4,6,0,0,0,ongoing,-,0,-0.028137,-0.099921,0.068664,0.075562
3,49,B,1,0,-1,-1,4,2,13,0,0,ongoing,-,0,0.015603,-0.044254,0.072108,0.063008
3,50,W,0,0,2,6,2,3,0,0,1,ongoing,-,0,0.283843,0.239990,0.060643,0.046161
3,51,B,0,2,2,1,2,3,0,250,0,ongoing,-,0,0.348958,0.289954,0.049496,0.062110
3,52,W,0,2,2,6,2,3,0,350,0,ongoing,-,0,0.056823,-0.012405,0.066524,0.072872
3,53,B,0,2,4,2,4,5,0,350,0,ongoing,-,0,0.061313,-0.006967,0.071305,0.071874
3,54,W,0,0,5,8,2,5,0,0,0,ongoing,-,0,0.015178,-0.060525,0.070189,0.079687
3,55,B,1,0,-1,-1,4,5,3,0,1,ongoing,-,0,0.242543,0.183677,0.076630,0.061964
3,56,W,0,2,4,6,4,5,0,600,0,ongoing,-,0,0.350783,0.283364,0.064332,0.070967
3,57,B,0,0,6,1,6,0,0,0,0,ongoing,-,0,-0.023478,-0.092722,0.075607,0.072889
3,58,W,0,1,2,5,4,3,0,0,1,ongoing,-,0,0.296137,0.249592,0.069206,0.048995
3,59,B,0,0,3,2,3,1,0,0,0,ongoing,-,0,-0.006000,-0.076536,0.052448,0.074248
3,60,W,0,1,4,3,4,2,0,0,1,ongoing,-,0,0.257241,0.206295,0.071858,0.053627
3,61,B,0,1,3,1,3,0,0,0,0,ongoing,-,0,-0.006000,-0.079890,0.056301,0.077779
3,62,W,0,1,4,2,5,2,0,0,1,ongoing,-,0,0.176219,0.123187,0.075016,0.055823
3,63,B,0,2,3,0,5,2,0,600,0,ongoing,-,0,0.400959,0.342705,0.056817,0.061320
3,64,W,0,1,1,7,2,6,0,0,0,ongoing,-,0,0.014448,-0.061450,0.066600,0.079892
3,65,B,1,0,-1,-1,5,0,3,0,0,ongoing,-,0,-0.023563,-0.083418,0.077471,0.063005
3,66,W,0,0,6,7,5,5,0,0,0,ongoing,-,0,0.040426,-0.024647,0.059924,0.068498
3,67,B,1,0,-1,-1,3,2,8,0,0,ongoing,-,0,-0.027210,-0.085433,0.066906,0.061287
3,68,W,0,0,2,6,5,3,0,0,0,ongoing,-,0,0.050029,-0.004621,0.058198,0.057526
3,69,B,0,1,5,2,5,3,0,0,0,ongoing,-,0,0.077518,0.020109,0.056310,0.060431
3,70,W,0,1,5,6,5,5,0,0,1,ongoing,-,0,0.187256,0.136483,0.059694,0.053446
3,71,B,0,1,5,3,4,2,0,0,0,ongoing,-,0,-0.006000,-0.059703,0.055221,0.056529
3,72,W,0,2,5,3,6,2,0,200,0,ongoing,-,0,0.042609,-0.009373,0.054230,0.054718
3,73,B,0,1,5,2,4,3,0,0,1,ongoing,-,0,0.250972,0.204015,0.053480,0.049429
3,74,W,0,1,4,5,5,6,0,0,0,ongoing,-,0,-0.006000,-0.059518,0.052343,0.056335
3,75,B,0,0,4,3,4,5,0,0,0,ongoing,-,0,-0.009676,-0.064161,0.054249,0.057353
3,76,W,0,0,2,6,3,7,0,0,0,ongoing,-,0,-0.023688,-0.074422,0.055071,0.053404
3,77,B,0,2,4,5,4,6,0,100,0,ongoing,-,0,0.056926,0.007690,0.050808,0.051827
3,78,W,0,1,6,2,5,1,0,0,1,ongoing,-,0,0.207164,0.162609,0.050965,0.046900
3,79,B,0,2,4,2,5,1,0,300,0,ongoing,-,0,0.324777,0.282037,0.049257,0.044990
3,80,W,0,0,2,7,1,5,0,0,0,ongoing,-,0,-0.023735,-0.082134,0.049161,0.061473
3,81,B,0,2,3,2,2,3,0,350,0,ongoing,-,0,0.042878,-0.001091,0.059075,0.046283
3,82,W,0,2,5,5,4,6,0,350,0,ongoing,-,0,0.044991,0.001301,0.045190,0.045989
3,83,B,0,1,4,2,4,3,0,0,0,ongoing,-,0,0.055854,0.014343,0.045258,0.043696
3,84,W,0,2,1,5,2,3,0,400,0,ongoing,-,0,0.050217,0.002267,0.043181,0.050474
3,85,B,0,0,0,2,0,3,0,0,0,ongoing,-,0,-0.023795,-0.063842,0.049793,0.042154
3,86,W,0,0,5,5,5,3,0,0,0,ongoing,-,0,0.047318,0.001815,0.040264,0.047898
3,87,B,0,2,7,1,5,3,0,350,0,ongoing,-,0,0.051305,0.014578,0.047257,0.038660
3,88,W,0,2,2,3,1,1,0,300,0,ongoing,-,0,0.042168,-0.002592,0.038131,0.047116
3,89,B,0,2,4,3,4,6,0,200,0,ongoing,-,0,0.040905,0.005660,0.046444,0.037100
3,90,W,0,2,5,6,4,6,0,250,0,ongoing,-,0,0.033268,-0.005093,0.036410,0.040380
3,91,B,0,0,5,3,6,4,0,0,1,ongoing,-,0,0.192255,0.161211,0.039680,0.032677
3,92,W,0,1,4,6,3,7,0,0,0,ongoing,-,0,-0.006000,-0.043668,0.034700,0.039650
3,93,B,0,0,3,0,7,4,0,0,0,ongoing,-,0,-0.023645,-0.057760,0.038419,0.035910
3,94,W,0,0,5,6,6,5,0,0,0,ongoing,-,0,-0.002658,-0.038022,0.034381,0.037225
3,95,B,0,1,7,4,6,4,0,0,1,ongoing,-,0,0.189954,0.160355,0.036071,0.031157
3,96,W,0,0,3,7,2,8,0,0,0,ongoing,-,0,-0.006000,-0.039548,0.033118,0.035314
3,97,B,0,2,6,4,3,7,0,200,1,ongoing,-,0,0.261053,0.231700,0.034243,0.030898
3,98,W,0,2,2,8,3,7,0,600,0,ongoing,-,0,0.361040,0.325439,0.033789,0.037475
3,99,B,0,0,6,4,5,5,0,0,1,ongoing,-,0,0.193777,0.157833,0.042045,0.037835
3,100,W,0,0,3,7,2,8,0,0,0,ongoing,-,0,-0.006000,-0.045925,0.039648,0.042026
3,101,B,0,0,5,5,4,6,0,0,1,ongoing,-,0,0.198125,0.162135,0.040730,0.037884
3,102,W,0,0,2,8,1,8,0,0,0,ongoing,-,0,-0.006000,-0.047631,0.039722,0.043823
3,103,B,0,0,4,6,2,4,0,0,0,ongoing,-,0,-0.042902,-0.081342,0.042459,0.040463
3,104,W,0,0,1,8,2,7,0,0,0,ongoing,-,0,-0.029665,-0.069060,0.038515,0.041468
3,105,B,0,0,6,0,5,2,0,0,0,ongoing,-,0,-0.024179,-0.059459,0.039670,0.037137
3,106,W,0,0,6,5,6,6,0,0,0,ongoing,-,0,-0.024067,-0.059972,0.035477,0.037794
3,107,B,0,2,2,4,0,6,0,100,0,ongoing,-,0,0.047794,0.016620,0.036196,0.032814
3,108,W,0,0,2,7,3,6,0,0,0,ongoing,-,0,-0.023845,-0.057008,0.032488,0.034909
3,109,B,0,0,5,2,4,4,0,0,1,ongoing,-,0,0.208141,0.179814,0.033418,0.029819
3,110,W,0,0,3,6,3,7,0,0,0,ongoing,-,0,-0.006000,-0.044746,0.032249,0.040786
3,111,B,0,0,0,6,1,5,0,0,1,ongoing,-,0,0.186113,0.156788,0.039544,0.030868
3,112,W,0,0,3,7,3,8,0,0,0,ongoing,-,0,-0.006000,-0.040933,0.032758,0.036771
3,113,B,0,0,4,4,3,6,0,0,1,ongoing,-,0,0.244835,0.215303,0.035618,0.031086
3,114,W,0,0,3,8,4,7,0,0,0,ongoing,-,0,-0.006000,-0.050233,0.033894,0.046561
3,115,B,0,0,4,3,4,4,0,0,0,ongoing,-,0,-0.001193,-0.034199,0.045126,0.034743
3,116,W,0,2,4,7,3,6,0,350,0,ongoing,-,0,0.043418,0.003727,0.033380,0.041780
3,117,B,0,0,1,5,2,6,0,0,0,ongoing,-,0,0.011028,-0.020110,0.041284,0.032777
3,118,W,0,0,6,6,6,5,0,0,0,ongoing,-,0,-0.024236,-0.064957,0.031751,0.042864
3,119,B,0,0,4,4,4,5,0,0,0,ongoing,-,0,-0.002251,-0.031062,0.041155,0.030327
3,120,W,0,2,3,6,2,6,0,300,0,ongoing,-,0,0.041360,0.012910,0.029050,0.029947
3,121,B,0,0,4,5,4,6,0,0,0,ongoing,-,0,0.003720,-0.023146,0.029677,0.028280
3,122,W,0,0,2,6,3,5,0,0,0,ongoing,-,0,-0.060295,-0.090504,0.027398,0.031800
3,123,B,0,0,4,6,4,5,0,0,0,ongoing,-,0,0.022691,-0.001364,0.029774,0.025321
3,124,W,0,2,3,5,4,5,0,100,0,ongoing,-,0,0.010301,-0.012743,0.024786,0.024256
3,125,B,0,0,7,0,5,2,0,0,0,ongoing,-,0,0.020161,-0.002987,0.023664,0.024366
3,126,W,0,0,6,5,6,6,0,0,0,ongoing,-,0,-0.024354,-0.049414,0.023945,0.026378
3,127,B,0,0,5,2,6,3,0,0,1,ongoing,-,0,0.185756,0.165534,0.025185,0.021286
3,128,W,0,0,4,5,3,4,0,0,0,ongoing,-,0,0.245741,0.217800,0.023562,0.029411
3,129,B,0,0,6,3,5,2,0,0,1,ongoing,-,0,0.185476,0.160408,0.032561,0.026387
3,130,W,0,0,3,4,2,5,0,0,0,ongoing,-,0,-0.006000,-0.037158,0.028459,0.032797
3,131,B,0,0,5,2,4,3,0,0,1,ongoing,-,0,0.185695,0.159356,0.031733,0.027725
3,132,W,0,0,2,5,2,4,0,0,0,ongoing,-,0,0.229555,0.192154,0.029799,0.039369
3,133,B,0,0,5,1,5,2,0,0,0,ongoing,-,0,-0.043961,-0.074826,0.042082,0.032490
3,134,W,0,0,2,4,3,5,0,0,0,ongoing,-,0,-0.024476,-0.059530,0.030590,0.036899
3,135,B,0,0,4,3,2,5,0,0,0,ongoing,-,0,0.010758,-0.017301,0.035435,0.029536
3,136,W,0,2,3,5,2,5,0,300,0,ongoing,-,0,0.041118,0.013955,0.028679,0.028592
3,137,B,0,0,0,3,0,4,0,0,0,ongoing,-,0,0.003477,-0.023066,0.028359,0.027940
3,138,W,0,0,2,5,3,4,0,0,0,ongoing,-,0,-0.016664,-0.045480,0.027129,0.030332
3,139,B,0,1,5,0,5,1,0,0,0,ongoing,-,0,0.014445,-0.012446,0.029156,0.028306
3,140,W,0,0,6,6,5,5,0,0,0,ongoing,-,0,0.003429,-0.025345,0.027600,0.030289
3,141,B,0,0,5,1,3,3,0,0,1,ongoing,-,0,0.223538,0.198732,0.029378,0.026112
3,142,W,0,1,3,4,3,3,0,0,0,ongoing,-,0,0.339022,0.308879,0.029120,0.031730
3,143,B,0,0,0,4,0,5,0,0,0,ongoing,-,0,-0.024619,-0.064603,0.036701,0.042089
3,144,W,0,1,3,3,5,1,0,0,1,ongoing,-,0,0.114240,0.076075,0.040132,0.040174
3,145,B,0,0,5,2,4,3,0,0,0,ongoing,-,0,-0.006000,-0.049147,0.040986,0.045418
3,146,W,0,0,5,5,4,4,0,0,1,ongoing,-,0,0.159457,0.127583,0.043199,0.033552
3,147,B,0,2,3,3,4,4,0,350,0,ongoing,-,0,0.311691,0.273623,0.035267,0.040071
3,148,W,0,0,7,7,7,5,0,0,0,ongoing,-,0,-0.024200,-0.062508,0.044670,0.040324
3,149,B,0,0,8,2,8,1,0,0,0,ongoing,-,0,-0.001717,-0.042590,0.038253,0.043024
3,150,W,0,0,7,7,7,6,0,0,0,ongoing,-,0,-0.024733,-0.059992,0.041460,0.037114
3,151,B,0,1,4,3,4,4,0,0,0,ongoing,-,0,-0.006375,-0.038906,0.035135,0.034244
3,152,W,0,1,7,6,7,5,0,0,0,ongoing,-,0,0.013483,-0.018806,0.032920,0.033988
3,153,B,0,0,0,5,0,4,0,0,0,ongoing,-,0,-0.024783,-0.057340,0.033066,0.034270
3,154,W,0,0,7,5,8,5,0,0,0,ongoing,-,0,-0.044175,-0.073892,0.032612,0.031281
3,155,B,0,0,0,4,0,3,0,0,0,ongoing,-,0,-0.024817,-0.051842,0.029328,0.028448
3,156,W,0,1,8,5,7,5,0,0,0,ongoing,-,0,0.014541,-0.012000,0.026999,0.027937
3,157,B,0,0,8,1,8,2,0,0,0,ongoing,-,0,-0.032851,-0.059883,0.027240,0.028454
3,158,W,0,0,7,5,5,5,0,0,0,ongoing,-,0,0.030007,0.006722,0.026854,0.024511
3,159,B,0,0,4,4,2,2,0,0,0,ongoing,-,0,-0.062635,-0.089650,0.024152,0.028436
3,160,W,0,0,1,1,1,2,0,0,0,ongoing,-,0,0.003472,-0.015151,0.026286,0.019604
3,161,B,0,2,2,2,1,2,0,350,0,ongoing,-,0,0.041080,0.023263,0.018881,0.018755
3,162,W,0,0,5,5,5,4,0,0,0,ongoing,-,0,-0.003812,-0.021939,0.018826,0.019080
3,163,B,0,0,4,4,4,3,0,0,0,ongoing,-,0,0.023170,0.006044,0.018425,0.018027
3,164,W,0,0,5,4,5,2,0,0,0,ongoing,-,0,0.000778,-0.018447,0.017828,0.020236
3,165,B,0,0,4,3,4,5,0,0,0,ongoing,-,0,-0.051990,-0.068591,0.019638,0.017475
3,166,W,0,0,5,2,4,2,0,0,0,ongoing,-,0,0.003117,-0.012031,0.015975,0.015946
3,167,B,0,0,8,2,8,1,0,0,0,ongoing,-,0,0.002975,-0.012534,0.015482,0.016326
3,168,W,0,0,4,2,3,2,0,0,0,ongoing,-,0,0.022082,0.007261,0.015848,0.015601
3,169,B,0,0,1,2,1,1,0,0,0,ongoing,-,0,-0.025061,-0.041548,0.015450,0.017355
3,170,W,0,0,3,2,2,2,0,0,0,ongoing,-,0,0.039921,0.026349,0.016352,0.014287
3,171,B,0,1,1,1,2,2,0,0,0,ongoing,-,0,0.040903,0.025810,0.014463,0.015888
3,172,W,0,0,7,5,7,4,0,0,0,ongoing,-,0,-0.025115,-0.041259,0.016082,0.016994
3,173,B,0,0,0,3,0,2,0,0,0,ongoing,-,0,-0.025133,-0.039451,0.015964,0.015072
3,174,W,0,0,5,1,6,0,0,0,0,ongoing,-,0,-0.077401,-0.091596,0.014076,0.014942
3,175,B,0,0,5,1,5,0,0,0,0,ongoing,-,0,0.002706,-0.005668,0.013022,0.008815
3,176,W,0,1,6,0,5,0,0,0,0,ongoing,-,0,0.020063,0.009503,0.008508,0.011115
3,177,B,0,0,8,1,8,0,0,0,0,ongoing,-,0,0.002669,-0.007122,0.011130,0.010306
3,178,W,0,0,5,0,3,0,0,0,0,ongoing,-,0,-0.094974,-0.110040,0.010008,0.015858
3,179,B,0,0,8,0,8,1,0,0,0,ongoing,-,0,-0.025118,-0.034009,0.013701,0.009360
3,180,W,0,0,7,4,7,3,0,0,0,ongoing,-,0,-0.025261,-0.037357,0.008394,0.012732
3,181,B,0,0,8,1,8,2,0,0,0,ongoing,-,0,-0.025280,-0.032431,0.011806,0.007527
3,182,W,0,0,7,3,7,2,0,0,0,ongoing,-,0,-0.025299,-0.035525,0.006631,0.010765
3,183,B,0,0,0,2,0,1,0,0,0,ongoing,-,0,-0.025317,-0.030856,0.009911,0.005830
3,184,W,0,0,7,2,7,1,0,0,0,ongoing,-,0,-0.025336,-0.033837,0.005003,0.008948
3,185,B,0,0,0,1,0,0,0,0,0,ongoing,-,0,-0.002480,-0.006449,0.008160,0.004178
3,186,W,0,0,7,1,7,2,0,0,0,ongoing,-,0,-0.025374,-0.032845,0.003881,0.007864
3,187,B,0,0,8,2,8,1,0,0,0,ongoing,-,0,-0.025393,-0.028413,0.007115,0.003178
3,188,W,0,0,7,2,7,1,0,0,0,ongoing,-,0,-0.025412,-0.031359,0.002454,0.006260
3,189,B,0,0,4,5,4,4,0,0,0,ongoing,-,0,-0.025431,-0.027145,0.005570,0.001804
3,190,W,0,0,7,1,7,2,0,0,0,ongoing,-,0,-0.025451,-0.029991,0.001136,0.004780
3,191,B,0,0,8,1,8,2,0,0,0,ongoing,-,0,-0.025470,-0.025978,0.004144,0.000535
3,192,W,0,0,7,2,7,1,0,0,0,ongoing,-,0,-0.025489,-0.028732,-0.000081,0.003414
3,193,B,0,0,2,2,0,4,0,0,0,ongoing,-,0,-0.110884,-0.109291,0.002828,-0.001677
3,194,W,0,0,2,2,1,2,0,0,0,ongoing,-,0,0.040472,0.044074,-0.003659,-0.003792
3,195,B,0,0,0,4,1,5,0,0,0,ongoing,-,0,-0.025048,-0.023442,-0.002947,-0.001690
3,196,W,0,0,7,1,7,0,0,0,0,ongoing,-,0,-0.025693,-0.022994,-0.002067,-0.002841
3,197,B,0,0,1,5,1,6,0,0,0,ongoing,-,0,-0.025462,-0.022118,-0.003226,-0.003520
3,198,W,0,0,1,2,1,4,0,0,1,ongoing,-,0,0.218393,0.223088,-0.003856,-0.004942
3,199,B,0,0,1,6,2,6,0,0,0,ongoing,-,0,-0.006000,-0.007728,-0.000919,0.001819
3,200,W,0,0,1,4,1,6,0,0,1,ongoing,-,0,0.198353,0.199365,0.001692,-0.001065
3,201,B,0,2,2,6,1,6,0,300,0,ongoing,-,0,0.329083,0.327100,0.002599,0.002088
3,202,W,0,0,3,0,2,1,0,0,0,ongoing,-,0,-0.000312,-0.009262,0.007315,0.009422
3,203,B,0,0,4,4,5,5,0,0,0,ongoing,-,0,-0.025707,-0.033069,0.009160,0.007750
3,204,W,0,0,2,1,2,2,0,0,0,ongoing,-,0,-0.000727,-0.008328,0.007062,0.008001
3,205,B,0,0,0,0,0,1,0,0,0,ongoing,-,0,0.002378,-0.004374,0.007756,0.007107
3,206,W,0,0,2,2,2,3,0,0,0,ongoing,-,0,-0.000768,-0.008072,0.006908,0.007689
3,207,B,0,0,0,1,0,2,0,0,0,ongoing,-,0,0.002212,-0.004294,0.007443,0.006848
3,208,W,0,0,2,3,2,4,0,0,0,ongoing,-,0,-0.032058,-0.040900,0.006650,0.009307
3,209,B,0,0,0,2,0,3,0,0,0,ongoing,-,0,-0.002829,-0.010319,0.008482,0.007885
3,210,W,0,0,7,0,7,1,0,0,0,ongoing,-,0,-0.025724,-0.033682,0.007529,0.008377
3,211,B,0,0,8,2,8,1,0,0,0,ongoing,-,0,-0.025870,-0.032409,0.007593,0.006883
3,212,W,0,0,2,4,2,3,0,0,0,ongoing,-,0,-0.071641,-0.076693,0.006122,0.005319
3,213,B,0,0,1,6,2,6,0,0,0,ongoing,-,0,-0.008911,-0.011766,0.003779,0.003005
3,214,W,0,0,7,1,7,2,0,0,0,ongoing,-,0,-0.025932,-0.029383,0.002717,0.003633
3,215,B,0,0,5,0,5,1,0,0,0,ongoing,-,0,-0.025828,-0.027926,0.003039,0.002208
3,216,W,0,0,7,2,7,1,0,0,0,ongoing,-,0,-0.025974,-0.028425,0.001635,0.002580
3,217,B,0,0,5,1,5,2,0,0,0,ongoing,-,0,-0.025995,-0.027017,0.002023,0.001076
3,218,W,0,0,7,1,7,2,0,0,0,ongoing,-,0,-0.026016,-0.027394,0.000538,0.001450
3,219,B,0,0,5,2,5,3,0,0,0,ongoing,-,0,-0.003037,-0.003053,0.000932,0.000016
3,220,W,0,0,7,2,7,1,0,0,0,ongoing,-,0,-0.026059,-0.027011,-0.000058,0.001002
3,221,B,0,0,8,1,8,2,0,0,0,ongoing,-,0,-0.026080,-0.025545,0.000502,-0.000563
3,222,W,0,0,2,3,3,2,0,0,0,ongoing,-,0,-0.039101,-0.038660,-0.001047,-0.000464
3,223,B,0,0,5,3,5,2,0,0,0,ongoing,-,0,0.001877,0.003571,-0.001144,-0.001783
3,224,W,0,0,3,2,2,3,0,0,0,ongoing,-,0,0.000856,0.001627,-0.001703,-0.000812
3,225,B,0,0,5,2,5,1,0,0,0,ongoing,-,0,-0.026166,-0.024623,-0.000753,-0.001624
3,226,W,0,0,7,1,7,2,0,0,0,ongoing,-,0,-0.026187,-0.025017,-0.002068,-0.001232
3,227,B,0,0,5,1,5,2,0,0,0,ongoing,-,0,-0.026209,-0.023830,-0.001660,-0.002504
3,228,W,0,0,7,2,7,3,0,0,0,ongoing,-,0,-0.026231,-0.024230,-0.002918,-0.002106
3,229,B,0,0,5,2,5,3,0,0,0,ongoing,-,0,-0.003253,-0.000094,-0.002504,-0.003325
3,230,W,0,0,7,3,7,2,0,0,0,ongoing,-,0,-0.026275,-0.024075,-0.003280,-0.002315
3,231,B,0,0,8,2,8,3,0,0,0,ongoing,-,0,-0.026297,-0.022802,-0.002704,-0.003679
3,232,W,0,0,7,2,7,1,0,0,0,ongoing,-,0,-0.026319,-0.023361,-0.004055,-0.003114
3,233,B,0,0,8,3,8,4,0,0,0,ongoing,-,0,-0.026341,-0.022135,-0.003475,-0.004427
3,234,W,0,0,7,1,7,2,0,0,0,ongoing,-,0,-0.026363,-0.022698,-0.004777,-0.003858
3,235,B,0,0,5,5,5,4,0,0,0,ongoing,-,0,-0.026385,-0.021516,-0.004194,-0.005125
3,236,W,0,0,2,3,3,2,0,0,0,ongoing,-,0,-0.039407,-0.034784,-0.005450,-0.004867
3,237,B,0,0,2,6,1,7,0,0,0,ongoing,-,0,-0.026430,-0.021259,-0.005402,-0.005443
3,238,W,0,0,3,2,2,2,0,0,0,ongoing,-,0,-0.001452,0.003976,-0.005700,-0.005714
3,239,B,0,0,0,3,0,2,0,0,0,ongoing,-,0,0.001525,0.007001,-0.005557,-0.005764
3,240,W,0,0,2,2,3,3,0,0,0,ongoing,-,0,-0.032497,-0.027550,-0.005554,-0.005207
3,241,B,0,0,5,4,4,5,0,0,0,ongoing,-,0,0.012480,0.018244,-0.005585,-0.006068
3,242,W,0,0,3,3,2,4,0,0,0,ongoing,-,0,0.003582,0.008607,-0.005658,-0.005290
3,243,B,0,0,4,5,4,4,0,0,0,ongoing,-,0,0.020435,0.025941,-0.005050,-0.005796
3,244,W,0,0,2,4,1,3,0,0,0,ongoing,-,0,-0.026463,-0.023112,-0.005243,-0.003528
3,245,B,0,0,0,2,0,3,0,0,0,ongoing,-,0,0.020389,0.025686,-0.003855,-0.005576
3,246,W,0,2,1,3,0,3,0,100,0,ongoing,-,0,0.002616,0.007098,-0.005034,-0.004718
3,247,B,0,0,1,7,0,6,0,0,0,ongoing,-,0,-0.000032,0.005206,-0.004513,-0.005514
3,248,W,0,0,0,3,1,2,0,0,0,ongoing,-,0,-0.039305,-0.034965,-0.005345,-0.004568
3,249,B,0,0,0,6,1,5,0,0,0,ongoing,-,0,0.000672,0.005627,-0.005082,-0.005216
3,250,W,0,0,7,2,7,1,0,0,0,ongoing,-,0,-0.026727,-0.022345,-0.005030,-0.004612
3,251,B,0,0,5,3,5,2,0,0,0,ongoing,-,0,-0.026750,-0.021648,-0.004931,-0.005370
3,252,W,0,0,7,1,7,2,0,0,0,ongoing,-,0,-0.026773,-0.021775,-0.005679,-0.005261
3,253,B,0,0,5,2,5,1,0,0,0,ongoing,-,0,-0.026797,-0.021099,-0.005558,-0.005998
3,254,W,0,0,1,2,2,1,0,0,0,ongoing,-,0,-0.039820,-0.034246,-0.006285,-0.005867
3,255,B,0,0,1,5,2,4,0,0,0,ongoing,-,0,-0.009844,-0.003361,-0.006384,-0.006824
3,256,W,0,0,7,2,7,1,0,0,0,ongoing,-,0,-0.026867,-0.020988,-0.006768,-0.006189
3,257,B,0,0,4,4,4,3,0,0,0,ongoing,-,0,-0.026891,-0.020190,-0.006452,-0.007054
3,258,W,0,0,7,1,7,2,0,0,0,ongoing,-,0,-0.026915,-0.020522,-0.007309,-0.006729
3,259,B,0,0,4,3,4,2,0,0,0,ongoing,-,0,-0.003939,0.003259,-0.006975,-0.007576
3,260,W,0,0,7,2,7,1,0,0,0,ongoing,-,0,-0.026963,-0.020650,-0.007386,-0.006645
3,261,B,0,0,4,2,4,1,0,0,0,ongoing,-,0,0.020013,0.027427,-0.006892,-0.007804
3,262,W,0,0,2,1,1,2,0,0,0,ongoing,-,0,0.012864,0.017723,-0.007165,-0.005114
3,263,B,0,0,4,1,3,2,0,0,0,ongoing,-,0,0.003965,0.008801,-0.004650,-0.005090
3,264,W,0,0,1,2,0,3,0,0,0,ongoing,-,0,-0.027434,-0.023011,-0.004826,-0.004655
3,265,B,0,0,2,4,2,5,0,0,0,ongoing,-,0,-0.053958,-0.047911,-0.005013,-0.006365
3,266,W,0,0,0,3,0,4,0,0,0,ongoing,-,0,-0.022233,-0.016648,-0.007162,-0.005879
3,267,B,0,0,3,2,2,3,0,0,0,ongoing,-,0,-0.004257,0.002179,-0.006055,-0.006775
3,268,W,0,0,8,6,8,7,0,0,0,ongoing,-,0,-0.027156,-0.021547,-0.006613,-0.005905
3,269,B,0,0,2,3,1,4,0,0,0,ongoing,-,0,0.045944,0.052590,-0.006200,-0.006995
3,270,W,0,1,0,4,1,4,0,0,1,ongoing,-,0,0.230170,0.236680,-0.005832,-0.006853
3,271,B,0,0,2,5,3,5,0,0,0,ongoing,-,0,-0.006000,-0.006936,-0.001931,0.000985
3,272,W,0,0,7,1,7,2,0,0,0,ongoing,-,0,-0.027255,-0.026041,0.000879,-0.001278
3,273,B,0,0,5,1,5,2,0,0,0,ongoing,-,0,-0.027279,-0.027519,-0.001835,0.000252
3,274,W,0,0,7,2,7,1,0,0,0,ongoing,-,0,-0.027304,-0.025061,-0.000281,-0.002362
3,275,B,0,0,3,5,4,6,0,0,0,ongoing,-,0,-0.077954,-0.074758,-0.002876,-0.003365
3,276,W,0,0,1,4,3,4,0,0,0,ongoing,-,0,-0.106604,-0.104613,-0.004674,-0.002096
3,277,B,0,0,4,6,4,7,0,0,0,ongoing,-,0,-0.068129,-0.061415,-0.003992,-0.007067
3,278,W,0,0,3,4,2,4,0,0,0,ongoing,-,0,-0.105529,-0.100635,-0.008144,-0.005152
3,279,B,0,0,4,7,3,6,0,0,0,ongoing,-,0,-0.063679,-0.055575,-0.006933,-0.008531
3,280,W,0,1,2,4,1,4,0,0,1,ongoing,-,0,0.154920,0.165162,-0.009579,-0.010781
3,281,B,0,0,3,6,2,6,0,0,0,ongoing,-,0,0.241645,0.245882,-0.007495,-0.004460
3,282,W,0,0,7,1,7,2,0,0,0,ongoing,-,0,-0.027505,-0.025848,0.000418,-0.001745
3,283,B,0,0,5,2,5,1,0,0,0,ongoing,-,0,-0.027531,-0.027342,-0.002293,-0.000198
3,284,W,0,0,7,2,7,1,0,0,0,ongoing,-,0,-0.027556,-0.024885,-0.000722,-0.002812
3,285,B,0,0,8,4,8,3,0,0,0,ongoing,-,0,-0.027582,-0.026355,-0.003317,-0.001292
3,286,W,0,0,7,1,7,0,0,0,0,ongoing,-,0,-0.027732,-0.024047,-0.001774,-0.003880
3,287,B,0,0,2,6,3,5,0,0,0,ongoing,-,0,-0.005633,-0.003025,-0.004346,-0.002746
3,288,W,0,0,7,0,7,1,0,0,0,ongoing,-,0,-0.027534,-0.023332,-0.002718,-0.004424
3,289,B,0,0,5,1,5,2,0,0,0,ongoing,-,0,-0.027685,-0.024776,-0.004856,-0.003062
3,290,W,0,0,7,1,7,2,0,0,0,ongoing,-,0,-0.027711,-0.022699,-0.003480,-0.005275
3,291,B,0,0,5,2,5,1,0,0,0,ongoing,-,0,-0.027737,-0.023993,-0.005679,-0.003941
3,292,W,0,0,7,2,7,3,0,0,0,ongoing,-,0,-0.027763,-0.021999,-0.004325,-0.006067
3,293,B,0,0,5,1,5,2,0,0,0,ongoing,-,0,-0.027789,-0.023274,-0.006439,-0.004752
3,294,W,0,0,7,3,7,4,0,0,0,ongoing,-,0,-0.027815,-0.021356,-0.005106,-0.006799
3,295,B,0,0,5,2,5,1,0,0,0,ongoing,-,0,-0.027841,-0.022615,-0.007141,-0.005501
3,296,W,0,0,7,4,7,5,0,0,0,ongoing,-,0,-0.027867,-0.020766,-0.005827,-0.007475
3,297,B,0,0,5,1,5,2,0,0,0,ongoing,-,0,-0.027894,-0.022010,-0.007790,-0.006193
3,298,W,0,0,7,5,7,6,0,0,0,ongoing,-,0,-0.027920,-0.020226,-0.006494,-0.008099
3,299,B,0,0,5,2,5,1,0,0,0,ongoing,-,0,-0.027947,-0.021456,-0.008389,-0.006833
3,300,W,0,0,7,6,7,7,0,0,0,ongoing,-,0,-0.027973,-0.019731,-0.007109,-0.008677
3,301,B,0,0,5,1,5,2,0,0,0,ongoing,-,0,-0.028000,-0.020948,-0.008944,-0.007424
3,302,W,0,0,8,7,8,6,0,0,0,ongoing,-,0,-0.028027,-0.019277,-0.007678,-0.009210
3,303,B,0,0,5,2,5,1,0,0,0,ongoing,-,0,-0.028053,-0.020482,-0.009456,-0.007970
3,304,W,0,0,8,6,8,5,0,0,0,ongoing,-,0,-0.028080,-0.018862,-0.008203,-0.009703
3,305,B,0,0,5,1,5,2,0,0,0,ongoing,-,0,-0.028107,-0.020057,-0.009930,-0.008474
3,306,W,0,0,1,4,3,2,0,0,0,ongoing,-,0,-0.108759,-0.099154,-0.008689,-0.010111
3,307,B,0,0,1,4,1,6,0,0,0,ongoing,-,0,-0.028161,-0.016499,-0.011941,-0.012276
3,308,W,0,0,3,2,4,2,0,0,0,ongoing,-,0,-0.108313,-0.097727,-0.012367,-0.011144
3,309,B,0,0,3,5,4,5,0,0,0,ongoing,-,0,-0.011215,0.002267,-0.012888,-0.014192
3,310,W,0,0,4,2,3,1,0,0,0,ongoing,-,0,-0.036118,-0.023462,-0.013882,-0.013322
3,311,B,0,0,5,2,5,1,0,0,0,ongoing,-,0,-0.000270,0.012739,-0.013508,-0.013694
3,312,W,0,0,3,1,4,2,0,0,0,ongoing,-,0,-0.042297,-0.030435,-0.013199,-0.012487
3,313,B,0,0,5,1,5,0,0,0,0,ongoing,-,0,-0.015450,-0.002128,-0.012820,-0.014023
3,314,W,0,0,4,2,5,3,0,0,0,ongoing,-,0,-0.012477,-0.000886,-0.013809,-0.012202
3,315,B,0,0,1,6,2,7,0,0,0,ongoing,-,0,-0.028505,-0.016503,-0.011950,-0.012634
3,316,W,0,0,8,5,8,6,0,0,0,ongoing,-,0,-0.028407,-0.016800,-0.012728,-0.012219
3,317,B,0,0,5,0,5,1,0,0,0,ongoing,-,0,0.018690,0.030948,-0.012303,-0.012903
3,318,W,0,0,5,3,4,3,0,0,0,ongoing,-,0,-0.011588,-0.001577,-0.012009,-0.010538
3,319,B,0,0,5,1,5,2,0,0,0,ongoing,-,0,-0.006491,0.004354,-0.010307,-0.011416
3,320,W,0,0,8,6,8,5,0,0,0,ongoing,-,0,-0.028519,-0.019243,-0.011065,-0.009764
3,321,B,0,0,5,2,5,3,0,0,0,ongoing,-,0,-0.000547,0.010169,-0.009960,-0.011280
3,322,W,0,1,4,3,5,3,0,0,0,ongoing,-,0,0.005175,0.015441,-0.010796,-0.010806
3,323,B,0,0,4,5,3,4,0,0,0,ongoing,-,0,-0.007603,0.000765,-0.010234,-0.008808
3,324,W,0,0,8,5,8,6,0,0,0,ongoing,-,0,-0.028631,-0.019023,-0.008569,-0.010114
3,325,B,0,0,3,4,2,4,0,0,0,ongoing,-,0,-0.069409,-0.060200,-0.010341,-0.009694
3,326,W,0,0,8,6,8,5,0,0,0,ongoing,-,0,-0.028687,-0.016812,-0.010698,-0.012500
3,327,B,0,0,2,4,2,3,0,0,0,ongoing,-,0,-0.006591,0.004367,-0.012617,-0.011535
3,328,W,0,0,8,5,8,6,0,0,0,ongoing,-,0,-0.028744,-0.017382,-0.011200,-0.011961
3,329,B,0,0,2,7,2,6,0,0,0,ongoing,-,0,-0.028648,-0.017944,-0.012083,-0.011267
3,330,W,0,0,8,6,8,5,0,0,0,ongoing,-,0,-0.028801,-0.017327,-0.011383,-0.012078
3,331,B,0,0,2,6,2,5,0,0,0,ongoing,-,0,-0.028830,-0.017877,-0.012196,-0.011529
3,332,W,0,0,5,3,4,2,0,0,0,ongoing,-,0,-0.106734,-0.096434,-0.011642,-0.010842
3,333,B,0,0,2,3,1,4,0,0,0,ongoing,-,0,-0.069637,-0.056413,-0.012637,-0.013921
3,334,W,0,0,4,2,3,2,0,0,0,ongoing,-,0,0.014959,0.028829,-0.014760,-0.014601
3,335,B,0,1,1,4,2,5,0,0,0,ongoing,-,0,0.010305,0.024169,-0.013783,-0.014594
3,336,W,0,0,3,2,2,2,0,0,0,ongoing,-,0,-0.001849,0.010127,-0.013862,-0.012607
3,337,B,0,0,5,3,5,2,0,0,0,ongoing,-,0,-0.006003,0.006767,-0.012143,-0.013442
3,338,W,0,0,8,5,8,6,0,0,0,ongoing,-,0,-0.029032,-0.017939,-0.013066,-0.011677
3,339,B,0,0,8,3,8,2,0,0,0,ongoing,-,0,-0.029061,-0.016531,-0.011774,-0.013190
3,340,W,0,0,8,6,8,5,0,0,0,ongoing,-,0,-0.029091,-0.017788,-0.013285,-0.011897
3,341,B,0,0,8,2,8,1,0,0,0,ongoing,-,0,-0.029120,-0.016389,-0.011987,-0.013401
3,342,W,0,0,8,5,8,4,0,0,0,ongoing,-,0,-0.029149,-0.017651,-0.013489,-0.012104
3,343,B,0,0,8,1,8,2,0,0,0,ongoing,-,0,-0.029179,-0.016259,-0.012187,-0.013599
3,344,W,0,0,7,7,7,6,0,0,0,ongoing,-,0,-0.029208,-0.017526,-0.013681,-0.012297
3,345,B,0,0,8,2,8,1,0,0,0,ongoing,-,0,-0.029238,-0.016142,-0.012374,-0.013785
3,346,W,0,0,8,4,8,5,0,0,0,ongoing,-,0,-0.029267,-0.017413,-0.013860,-0.012478
3,347,B,0,0,2,5,1,4,0,0,0,ongoing,-,0,-0.059797,-0.047344,-0.012550,-0.013109
3,348,W,0,0,2,2,1,2,0,0,0,ongoing,-,0,-0.012452,0.000140,-0.013828,-0.013255
3,349,B,0,0,2,5,2,4,0,0,0,ongoing,-,0,-0.006357,0.006361,-0.012945,-0.013387
3,350,W,0,0,8,5,8,4,0,0,0,ongoing,-,0,-0.029387,-0.017602,-0.012931,-0.012405
3,351,B,0,0,2,4,2,3,0,0,0,ongoing,-,0,0.011583,0.023999,-0.012516,-0.013069
3,352,W,0,0,7,6,7,7,0,0,0,ongoing,-,0,-0.029447,-0.019135,-0.012202,-0.010854
3,353,B,0,1,1,4,2,3,0,0,1,ongoing,-,0,0.171648,0.184979,-0.011025,-0.014032
3,354,W,0,0,1,2,0,2,0,0,0,ongoing,-,0,-0.006000,-0.000120,-0.009408,-0.006189
3,355,B,0,0,2,3,3,4,0,0,0,ongoing,-,0,-0.105537,-0.096483,-0.005978,-0.009530
3,356,W,0,0,8,4,8,3,0,0,0,ongoing,-,0,-0.029567,-0.018995,-0.011261,-0.011129
3,357,B,0,0,2,3,2,2,0,0,0,ongoing,-,0,0.017527,0.028445,-0.011277,-0.011492
3,358,W,0,0,0,2,0,3,0,0,0,ongoing,-,0,-0.004628,0.004503,-0.010730,-0.009612
3,359,B,0,0,2,2,1,3,0,0,0,ongoing,-,0,0.043341,0.053671,-0.009320,-0.010874
3,360,W,0,1,0,3,1,3,0,0,0,ongoing,-,0,0.079561,0.087592,-0.009631,-0.008455
3,361,B,0,0,5,2,5,1,0,0,0,ongoing,-,0,-0.029720,-0.025051,-0.006536,-0.004915
3,362,W,0,0,8,3,8,4,0,0,0,ongoing,-,0,-0.029751,-0.023147,-0.005327,-0.006952
3,363,B,0,0,5,1,5,2,0,0,0,ongoing,-,0,-0.029781,-0.024292,-0.007349,-0.005779
3,364,W,0,0,7,7,7,8,0,0,0,ongoing,-,0,-0.029937,-0.022513,-0.006157,-0.007815
3,365,B,0,0,8,1,8,2,0,0,0,ongoing,-,0,-0.029843,-0.023457,-0.008181,-0.006722
3,366,W,0,0,7,8,7,7,0,0,0,ongoing,-,0,-0.029749,-0.021725,-0.007064,-0.008446
3,367,B,0,0,5,2,5,1,0,0,0,ongoing,-,0,-0.029905,-0.022976,-0.008774,-0.007294
3,368,W,0,0,1,3,3,1,0,0,0,ongoing,-,0,-0.110561,-0.101989,-0.007612,-0.009023
3,369,B,0,0,1,3,1,2,0,0,0,ongoing,-,0,-0.006967,0.003890,-0.011042,-0.011429
3,370,W,0,0,8,4,8,5,0,0,0,ongoing,-,0,-0.029999,-0.019899,-0.011115,-0.010632
3,371,B,0,0,5,1,5,2,0,0,0,ongoing,-,0,-0.038030,-0.027276,-0.010816,-0.011320
3,372,W,0,0,8,5,8,4,0,0,0,ongoing,-,0,-0.030061,-0.019588,-0.011666,-0.011024
3,373,B,0,0,1,2,1,1,0,0,0,ongoing,-,0,0.016907,0.028308,-0.011187,-0.012001
3,374,W,0,0,8,4,8,5,0,0,0,ongoing,-,0,-0.030124,-0.020660,-0.011189,-0.009962
3,375,B,0,0,1,1,0,2,0,0,0,ongoing,-,0,-0.060281,-0.049504,-0.010162,-0.011344
3,376,W,0,0,3,1,3,2,0,0,0,ongoing,-,0,-0.071563,-0.061693,-0.012177,-0.010389
3,377,B,0,0,0,2,1,3,0,0,0,ongoing,-,0,-0.030094,-0.018630,-0.011440,-0.012067
3,378,W,0,0,3,2,2,2,0,0,0,ongoing,-,0,-0.057126,-0.046317,-0.012244,-0.011378
3,379,B,0,0,1,3,1,2,0,0,0,ongoing,-,0,0.016717,0.029447,-0.012210,-0.013400
3,380,W,0,1,2,2,1,2,0,0,1,ongoing,-,0,0.152060,0.164732,-0.012444,-0.013339
3,381,B,0,0,3,4,3,3,0,0,0,ongoing,-,0,0.240778,0.248099,-0.009683,-0.007706
3,382,W,0,0,7,7,7,8,0,0,0,ongoing,-,0,-0.030504,-0.026775,-0.002270,-0.003925
3,383,B,0,0,5,2,5,1,0,0,0,ongoing,-,0,-0.030411,-0.027524,-0.004481,-0.003038
3,384,W,0,0,7,8,7,7,0,0,0,ongoing,-,0,-0.030318,-0.025647,-0.003562,-0.004917
3,385,B,0,0,8,2,8,3,0,0,0,ongoing,-,0,-0.030475,-0.026698,-0.005419,-0.003976
3,386,W,0,0,8,5,8,6,0,0,0,ongoing,-,0,-0.030507,-0.024901,-0.004461,-0.005902
3,387,B,0,0,5,1,5,2,0,0,0,ongoing,-,0,-0.030540,-0.025804,-0.006368,-0.004985
3,388,W,0,0,1,2,0,1,0,0,0,ongoing,-,0,-0.124572,-0.118633,-0.005428,-0.006252
3,389,B,0,0,1,2,1,1,0,0,0,ongoing,-,0,0.035395,0.044747,-0.008808,-0.009844
3,390,W,0,0,7,7,7,6,0,0,0,ongoing,-,0,-0.030637,-0.024311,-0.008758,-0.006659
3,391,B,0,0,8,3,8,4,0,0,0,ongoing,-,0,-0.030670,-0.022048,-0.006981,-0.009075
3,392,W,0,1,0,1,1,1,0,0,1,ongoing,-,0,0.202672,0.211679,-0.009388,-0.009481
3,393,B,0,0,3,3,3,4,0,0,0,ongoing,-,0,0.227765,0.232318,-0.005179,-0.004793
3,394,W,0,0,7,6,7,5,0,0,0,ongoing,-,0,-0.030768,-0.030253,-0.000115,-0.000543
3,395,B,0,0,5,2,5,1,0,0,0,ongoing,-,0,-0.005801,-0.005128,-0.001118,-0.000709
3,396,W,0,0,1,1,0,1,0,0,0,ongoing,-,0,-0.181084,-0.182695,-0.000786,0.001695
3,397,B,0,0,5,1,5,0,0,0,0,ongoing,-,0,-0.030992,-0.026424,-0.002239,-0.004809
3,398,W,0,2,0,1,1,1,0,250,0,ongoing,-,0,0.025975,0.030735,-0.005313,-0.005011
3,399,B,0,0,3,4,2,4,0,0,0,ongoing,-,0,-0.005933,-0.001783,-0.004319,-0.004369
3,400,W,0,0,1,1,2,1,0,0,0,ongoing,-,0,-0.008967,-0.004791,-0.004319,-0.004396
3,401,B,0,0,5,0,5,1,0,0,0,ongoing,-,0,-0.007875,-0.003823,-0.004405,-0.004266
3,402,W,0,0,7,5,7,4,0,0,0,ongoing,-,0,-0.031033,-0.027079,-0.004253,-0.004162
3,403,B,0,0,8,4,8,3,0,0,0,ongoing,-,0,-0.031067,-0.026552,-0.004645,-0.004753
3,404,W,0,0,7,4,7,3,0,0,0,ongoing,-,0,-0.031100,-0.026230,-0.005217,-0.005127
3,405,B,0,0,8,3,8,2,0,0,0,ongoing,-,0,-0.031134,-0.025738,-0.005572,-0.005680
3,406,W,0,0,7,3,7,2,0,0,0,ongoing,-,0,-0.031167,-0.025450,-0.006108,-0.006019
3,407,B,0,0,8,2,8,1,0,0,0,ongoing,-,0,-0.031201,-0.024991,-0.006430,-0.006538
3,408,W,0,0,7,2,7,1,0,0,0,ongoing,-,0,-0.031235,-0.024733,-0.006932,-0.006844
3,409,B,0,0,2,4,2,3,0,0,0,ongoing,-,0,-0.060644,-0.054622,-0.007223,-0.006339
3,410,W,0,0,7,1,7,2,0,0,0,ongoing,-,0,-0.031303,-0.024371,-0.007384,-0.007297
3,411,B,0,0,8,1,8,0,0,0,0,ongoing,-,0,-0.031462,-0.023946,-0.007721,-0.007911
3,412,W,0,0,2,1,1,1,0,0,0,ongoing,-,0,-0.058246,-0.050082,-0.008317,-0.008594
3,413,B,0,0,2,3,1,3,0,0,0,ongoing,-,0,-0.026530,-0.017620,-0.009574,-0.009378
3,414,W,0,0,7,2,7,1,0,0,0,ongoing,-,0,-0.031439,-0.022279,-0.009567,-0.009642
3,415,B,0,0,8,0,8,1,0,0,0,ongoing,-,0,-0.031348,-0.022016,-0.009959,-0.009823
3,416,W,0,0,7,1,7,2,0,0,0,ongoing,-,0,-0.031507,-0.021879,-0.010124,-0.010136
3,417,B,0,0,1,3,2,3,0,0,0,ongoing,-,0,-0.058417,-0.048418,-0.010429,-0.010525
3,418,W,0,0,7,2,7,3,0,0,0,ongoing,-,0,-0.031576,-0.020715,-0.011421,-0.011433
3,419,B,0,0,2,3,3,2,0,0,0,ongoing,-,0,-0.031611,-0.020539,-0.011643,-0.011655
3,420,W,0,0,1,1,1,2,0,0,0,ongoing,-,0,-0.026770,-0.015505,-0.011856,-0.011858
3,421,B,0,0,5,1,5,2,0,0,0,ongoing,-,0,-0.031680,-0.020321,-0.011944,-0.011957
3,422,W,0,0,1,2,1,1,0,0,0,ongoing,-,0,-0.058590,-0.047025,-0.012167,-0.012174
3,423,B,0,0,3,2,4,3,0,0,0,ongoing,-,0,-0.082499,-0.069767,-0.013000,-0.013403
3,424,W,0,0,1,1,2,1,0,0,0,ongoing,-,0,-0.028909,-0.015422,-0.014634,-0.014198
3,425,B,0,0,8,1,8,2,0,0,0,ongoing,-,0,-0.031819,-0.018033,-0.014214,-0.014511
3,426,W,0,0,8,6,8,5,0,0,0,ongoing,-,0,-0.031854,-0.018249,-0.014593,-0.014321
3,427,B,0,1,4,3,5,2,0,0,0,ongoing,-,0,0.007486,0.021729,-0.014400,-0.014993
3,428,W,0,0,2,1,2,2,0,0,0,ongoing,-,0,-0.009799,0.002884,-0.014225,-0.013351
3,429,B,0,0,8,2,8,1,0,0,0,ongoing,-,0,-0.031959,-0.019058,-0.012978,-0.013581
3,430,W,0,0,7,3,7,2,0,0,0,ongoing,-,0,-0.006995,0.005069,-0.013714,-0.012698
3,431,B,0,2,5,2,7,2,0,100,0,ongoing,-,0,-0.017280,-0.004394,-0.012287,-0.013564
3,432,W,0,0,8,5,8,4,0,0,0,ongoing,-,0,0.014935,0.027886,-0.013396,-0.013633
3,433,B,0,0,7,2,6,1,0,0,0,ongoing,-,0,-0.031976,-0.020327,-0.012752,-0.012262
3,434,W,0,0,2,2,3,1,0,0,0,ongoing,-,0,-0.005136,0.006955,-0.012420,-0.012728
3,435,B,0,0,8,1,8,2,0,0,0,ongoing,-,0,-0.032172,-0.020225,-0.012324,-0.012576
3,436,W,0,0,8,4,8,5,0,0,0,ongoing,-,0,-0.032208,-0.020312,-0.012749,-0.012521
3,437,B,0,0,5,2,5,1,0,0,0,ongoing,-,0,-0.004243,0.008049,-0.012687,-0.012940
3,438,W,0,0,3,1,3,0,0,0,0,ongoing,-,0,-0.040654,-0.028707,-0.012484,-0.012575
3,439,B,0,0,5,1,5,0,0,0,0,ongoing,-,0,-0.004440,0.008061,-0.012932,-0.013158
3,440,W,0,0,3,0,3,1,0,0,0,ongoing,-,0,-0.003976,0.007730,-0.012708,-0.012322
3,441,B,0,0,6,1,5,1,0,0,0,ongoing,-,0,-0.061887,-0.050640,-0.011882,-0.011839
3,442,W,0,0,8,5,8,4,0,0,0,ongoing,-,0,-0.032423,-0.020433,-0.012722,-0.012621
3,443,B,0,1,5,1,5,0,0,0,0,ongoing,-,0,-0.004334,0.008177,-0.012819,-0.013169
3,444,W,0,0,3,1,4,2,0,0,0,ongoing,-,0,-0.032495,-0.021409,-0.012659,-0.011669
3,445,B,0,0,8,2,8,1,0,0,0,ongoing,-,0,-0.032531,-0.020290,-0.011880,-0.012886
3,446,W,0,0,4,2,3,1,0,0,0,ongoing,-,0,-0.032568,-0.021050,-0.013089,-0.012123
3,447,B,0,0,8,1,8,0,0,0,0,ongoing,-,0,-0.032729,-0.020016,-0.012316,-0.013382
3,448,W,0,0,3,1,4,2,0,0,0,ongoing,-,0,-0.032640,-0.020586,-0.013568,-0.012688
3,449,B,0,0,5,0,3,0,0,0,0,ongoing,-,0,-0.048927,-0.035839,-0.012858,-0.013777
3,450,W,0,0,4,2,3,2,0,0,0,ongoing,-,0,0.014287,0.028033,-0.014334,-0.014469
3,451,B,0,0,5,0,5,1,0,0,0,ongoing,-,0,-0.009625,0.002936,-0.013437,-0.013223
3,452,W,0,0,8,4,8,3,0,0,0,ongoing,-,0,-0.032787,-0.020602,-0.012800,-0.012825
3,453,B,0,0,8,0,8,1,0,0,0,ongoing,-,0,-0.032698,-0.020404,-0.013028,-0.012942
3,454,W,0,0,8,3,8,4,0,0,0,ongoing,-,0,-0.032860,-0.020417,-0.013134,-0.013098
3,455,B,0,0,5,1,5,2,0,0,0,ongoing,-,0,-0.009897,0.002782,-0.013288,-0.013347
3,456,W,0,0,8,4,8,3,0,0,0,ongoing,-,0,-0.032934,-0.020750,-0.012929,-0.012826
3,457,B,0,0,3,0,4,0,0,0,0,ongoing,-,0,-0.054846,-0.042422,-0.013031,-0.013079
3,458,W,0,0,8,3,8,4,0,0,0,ongoing,-,0,-0.033008,-0.019681,-0.013805,-0.014029
3,459,B,0,0,4,0,5,1,0,0,0,ongoing,-,0,-0.032795,-0.019685,-0.014171,-0.013801
3,460,W,0,0,3,2,3,1,0,0,0,ongoing,-,0,-0.022208,-0.008991,-0.013934,-0.013912
3,461,B,0,0,5,1,6,2,0,0,0,ongoing,-,0,-0.100620,-0.087547,-0.013790,-0.013761
3,462,W,0,0,8,4,8,3,0,0,0,ongoing,-,0,-0.005157,0.009635,-0.015420,-0.015571
3,463,B,0,0,5,2,5,1,0,0,0,ongoing,-,0,-0.005195,0.009249,-0.015018,-0.015204
3,464,W,0,0,8,3,8,2,0,0,0,ongoing,-,0,-0.006107,0.007716,-0.014655,-0.014551
3,465,B,0,1,6,2,5,1,0,0,1,ongoing,-,0,0.118730,0.132205,-0.014033,-0.014184
3,466,W,0,0,3,1,2,1,0,0,0,ongoing,-,0,-0.006000,0.003371,-0.010682,-0.009865
3,467,B,0,0,5,1,7,3,0,0,0,ongoing,-,0,-0.094595,-0.084997,-0.009527,-0.010103
3,468,W,0,0,8,2,8,3,0,0,0,ongoing,-,0,0.014492,0.026066,-0.011883,-0.012183
3,469,B,0,2,7,3,8,3,0,100,0,ongoing,-,0,0.000829,0.010979,-0.011299,-0.010684
3,470,W,0,0,2,1,3,0,0,0,0,ongoing,-,0,-0.033834,-0.022902,-0.010234,-0.011507
3,471,B,0,0,5,1,5,0,0,0,0,ongoing,-,0,-0.005622,0.004846,-0.011763,-0.011018
3,472,W,0,0,3,0,3,1,0,0,0,ongoing,-,0,-0.008160,0.002576,-0.010682,-0.011301
3,473,B,0,0,5,0,5,1,0,0,0,ongoing,-,0,-0.005448,0.004208,-0.011032,-0.010164
3,474,W,0,0,3,1,3,2,0,0,0,ongoing,-,0,-0.008611,0.001419,-0.009847,-0.010558
3,475,B,0,0,5,1,5,2,0,0,0,ongoing,-,0,-0.005649,0.003730,-0.010323,-0.009872
3,476,W,0,0,3,2,3,3,0,0,0,ongoing,-,0,-0.008688,0.000833,-0.009572,-0.010022
3,477,B,0,0,5,2,5,3,0,0,0,ongoing,-,0,-0.005726,0.003388,-0.009799,-0.009594
3,478,W,0,0,3,3,4,2,0,0,0,ongoing,-,0,-0.069764,-0.060885,-0.009305,-0.009347
3,479,B,0,0,8,1,8,2,0,0,0,ongoing,-,0,-0.033928,-0.023955,-0.010501,-0.010498
3,480,W,0,1,4,2,5,3,0,0,0,ongoing,-,0,0.020784,0.031380,-0.010799,-0.011154
3,481,B,0,1,8,3,8,2,0,0,0,ongoing,-,0,-0.012755,-0.003840,-0.010226,-0.009385
3,482,W,0,0,5,3,7,5,0,0,0,ongoing,-,0,-0.074419,-0.065719,-0.009240,-0.009158
3,483,B,0,0,5,3,5,4,0,0,0,ongoing,-,0,-0.005957,0.004868,-0.010456,-0.011396
3,484,W,0,0,7,5,8,5,0,0,0,ongoing,-,0,-0.007246,0.002850,-0.011057,-0.010628
3,485,B,0,0,5,4,5,5,0,0,0,ongoing,-,0,-0.011035,-0.000437,-0.010313,-0.011156
3,486,W,0,0,8,5,8,6,0,0,0,ongoing,-,0,-0.042949,-0.033448,-0.010927,-0.010001
3,487,B,0,0,5,5,5,6,0,0,0,ongoing,-,0,-0.006113,0.004390,-0.010511,-0.011056
3,488,W,0,0,8,6,8,7,0,0,0,ongoing,-,0,-0.039152,-0.029462,-0.010725,-0.010201
3,489,B,0,0,5,6,5,7,0,0,0,ongoing,-,0,-0.006191,0.004191,-0.010618,-0.010929
3,490,W,0,0,8,7,8,6,0,0,0,ongoing,-,0,-0.009231,0.000562,-0.010606,-0.010308
3,491,B,0,0,8,2,8,4,0,0,0,ongoing,-,0,-0.044895,-0.034378,-0.010064,-0.011071
3,492,W,0,0,8,6,7,6,0,0,0,ongoing,-,0,-0.041934,-0.031661,-0.011636,-0.010814
3,493,B,0,0,5,7,5,6,0,0,0,ongoing,-,0,-0.006349,0.004607,-0.011316,-0.011532
3,494,W,0,0,7,6,8,7,0,0,0,ongoing,-,0,-0.072513,-0.061700,-0.011142,-0.011382
3,495,B,0,0,5,6,5,7,0,0,0,ongoing,-,0,-0.011428,0.000852,-0.012568,-0.012926
3,496,W,0,0,8,7,8,8,0,0,0,ongoing,-,0,-0.042718,-0.031094,-0.012612,-0.012235
3,497,B,0,0,5,7,5,8,0,0,0,ongoing,-,0,-0.006632,0.005934,-0.012659,-0.013227
3,498,W,0,0,8,8,8,7,0,0,0,ongoing,-,0,-0.006297,0.005533,-0.012809,-0.012453
3,499,B,0,0,8,2,8,1,0,0,0,ongoing,-,0,-0.034587,-0.022877,-0.012031,-0.012326
3,500,W,0,0,8,7,8,8,0,0,0,ongoing,-,0,-0.042877,-0.031024,-0.012581,-0.012477
3,501,B,0,0,8,4,8,5,0,0,0,ongoing,-,0,-0.017667,-0.005001,-0.012911,-0.013333
3,502,W,0,0,8,8,8,7,0,0,0,ongoing,-,0,-0.040707,-0.028632,-0.013146,-0.012710
3,503,B,0,0,5,8,5,7,0,0,0,ongoing,-,0,-0.011622,0.001009,-0.013084,-0.013296
3,504,W,0,0,8,7,7,7,0,0,0,ongoing,-,0,-0.042412,-0.030731,-0.012931,-0.012295
3,505,B,0,0,8,5,7,5,0,0,0,ongoing,-,0,-0.034577,-0.022529,-0.012758,-0.012682
3,506,W,0,0,7,7,8,7,0,0,0,ongoing,-,0,-0.062117,-0.050131,-0.012942,-0.012618
3,507,B,0,0,7,5,8,5,0,0,0,ongoing,-,0,-0.163283,-0.149337,-0.013584,-0.014680
3,508,W,0,0,8,7,8,8,0,0,0,ongoing,-,0,-0.080948,-0.064317,-0.018137,-0.017507
3,509,B,0,0,8,1,8,2,0,0,0,ongoing,-,0,-0.034989,-0.016826,-0.018632,-0.019119
3,510,W,0,0,8,8,7,7,0,0,0,ongoing,-,0,-0.060654,-0.042872,-0.019076,-0.018718
3,511,B,0,0,8,5,7,5,0,0,0,ongoing,-,0,-0.034820,-0.016452,-0.019299,-0.019334
3,512,W,0,0,7,7,8,7,0,0,0,ongoing,-,0,-0.062361,-0.044604,-0.019258,-0.018691
3,513,B,0,0,7,5,6,6,0,0,0,ongoing,-,0,-0.035151,-0.016222,-0.019353,-0.019926
3,514,W,0,0,8,7,8,6,0,0,0,ongoing,-,0,-0.024317,-0.005487,-0.019847,-0.019822
3,515,B,0,0,5,7,5,6,0,0,0,ongoing,-,0,-0.012233,0.006766,-0.019447,-0.019999
3,516,W,0,0,8,6,8,5,0,0,0,ongoing,-,0,-0.062149,-0.044776,-0.019277,-0.018287
3,517,B,0,0,8,2,8,3,0,0,0,ongoing,-,0,0.011685,0.030379,-0.018956,-0.019678
3,518,W,0,0,8,5,8,6,0,0,0,ongoing,-,0,0.005644,0.022874,-0.018437,-0.018137
3,519,B,0,0,8,3,8,4,0,0,0,ongoing,-,0,0.006603,0.023519,-0.017049,-0.017806
3,520,W,0,0,8,6,8,7,0,0,0,ongoing,-,0,-0.062189,-0.047322,-0.016676,-0.015649
3,521,B,0,0,8,4,8,5,0,0,0,ongoing,-,0,0.011520,0.027849,-0.016457,-0.017188
3,522,W,0,0,8,7,7,8,0,0,0,ongoing,-,0,-0.035396,-0.020772,-0.016069,-0.015395
3,523,B,0,1,6,6,5,6,0,0,1,ongoing,-,0,0.138312,0.152795,-0.015513,-0.015245
3,524,W,0,0,7,8,8,7,0,0,0,ongoing,-,0,0.199146,0.209013,-0.011175,-0.010386
3,525,B,0,0,8,5,8,6,0,0,1,ongoing,-,0,0.152354,0.158468,-0.004894,-0.006435
3,526,W,0,1,8,7,8,6,0,0,0,ongoing,-,0,0.288563,0.289762,-0.002478,-0.001263
3,527,B,0,0,5,6,5,4,0,0,0,ongoing,-,0,-0.055354,-0.059694,0.005692,0.004568
3,528,W,0,0,8,6,8,4,0,0,0,ongoing,-,0,-0.072146,-0.075762,0.003026,0.003807
3,529,B,0,0,8,6,8,5,0,0,1,ongoing,-,0,0.152187,0.151221,0.001907,0.001017
3,530,W,0,1,8,4,8,5,0,0,0,ongoing,-,0,0.284145,0.279926,0.004743,0.004441
3,531,B,0,0,5,4,6,4,0,0,0,ongoing,-,0,-0.048147,-0.060127,0.011020,0.012611
3,532,W,0,0,8,5,6,7,0,0,0,ongoing,-,0,-0.113439,-0.124146,0.010909,0.011271
3,533,B,0,0,5,6,5,7,0,0,0,ongoing,-,0,0.011019,0.004755,0.007707,0.006594
3,534,W,0,0,6,7,6,8,0,0,0,ongoing,-,0,-0.044273,-0.051218,0.006520,0.007311
3,535,B,0,0,5,7,5,8,0,0,0,ongoing,-,0,-0.008190,-0.012514,0.005862,0.004552
3,536,W,0,1,6,8,5,8,0,0,0,ongoing,-,0,-0.019607,-0.024045,0.004101,0.004671
3,537,B,0,0,6,4,5,4,0,0,0,ongoing,-,0,-0.011150,-0.014896,0.004020,0.003943
3,538,W,0,0,5,8,3,6,0,0,0,ongoing,-,0,-0.034442,-0.038092,0.003504,0.003842
3,539,B,0,0,5,8,5,7,0,0,0,ongoing,-,0,-0.008110,-0.010635,0.002857,0.002658
3,540,W,0,0,3,6,3,5,0,0,0,ongoing,-,0,-0.025402,-0.028158,0.002335,0.002901
3,541,B,0,0,5,7,5,6,0,0,0,ongoing,-,0,-0.013320,-0.015029,0.002148,0.001799
3,542,W,0,0,3,5,3,4,0,0,0,ongoing,-,0,-0.025488,-0.027275,0.001356,0.001881
3,543,B,0,0,5,6,5,5,0,0,0,ongoing,-,0,-0.013530,-0.014172,0.001111,0.000676
3,544,W,0,0,3,4,2,4,0,0,0,ongoing,-,0,-0.101073,-0.101300,0.000243,0.000239
3,545,B,0,1,5,4,5,5,0,0,0,ongoing,-,0,0.014134,0.016499,-0.002347,-0.002490
3,546,W,0,0,2,4,2,5,0,0,0,ongoing,-,0,-0.009409,-0.008604,-0.002031,-0.000848
3,547,B,0,0,8,5,8,4,0,0,0,ongoing,-,0,-0.036577,-0.034704,-0.001008,-0.001972
3,548,W,0,0,2,5,3,6,0,0,0,ongoing,-,0,-0.085995,-0.084196,-0.002814,-0.001894
3,549,B,0,0,8,4,8,3,0,0,0,ongoing,-,0,-0.036663,-0.031803,-0.003938,-0.005117
3,550,W,0,0,3,6,4,7,0,0,0,ongoing,-,0,-0.036707,-0.032186,-0.005869,-0.004758
3,551,B,0,0,8,3,8,2,0,0,0,ongoing,-,0,-0.036750,-0.030507,-0.005470,-0.006571
3,552,W,0,0,4,7,3,6,0,0,0,ongoing,-,0,-0.036793,-0.030892,-0.007249,-0.006211
3,553,B,0,0,8,2,8,1,0,0,0,ongoing,-,0,-0.036837,-0.029347,-0.006852,-0.007884
3,554,W,0,0,3,6,4,7,0,0,0,ongoing,-,0,-0.036880,-0.029734,-0.008495,-0.007523
3,555,B,0,0,8,1,8,0,0,0,0,ongoing,-,0,-0.037049,-0.028352,-0.008100,-0.009154
3,556,W,0,0,4,7,3,6,0,0,0,ongoing,-,0,-0.036968,-0.028555,-0.009705,-0.008856
3,557,B,0,0,5,5,3,3,0,0,0,ongoing,-,0,-0.110261,-0.100782,-0.009369,-0.009978
3,558,W,0,0,3,6,2,6,0,0,0,ongoing,-,0,-0.045055,-0.033862,-0.012299,-0.011782
3,559,B,0,0,5,5,5,6,0,0,0,ongoing,-,0,-0.009099,0.002882,-0.012316,-0.012611
3,560,W,0,0,2,6,3,6,0,0,0,ongoing,-,0,-0.021143,-0.009300,-0.012241,-0.012466
3,561,B,0,0,8,0,8,1,0,0,0,ongoing,-,0,-0.037062,-0.025325,-0.012392,-0.012355
3,562,W,0,0,3,6,3,5,0,0,0,ongoing,-,0,-0.060606,-0.047970,-0.012690,-0.013301
3,563,B,0,0,5,6,5,5,0,0,0,ongoing,-,0,-0.014275,-0.000426,-0.014219,-0.014578
3,564,W,0,0,3,5,2,5,0,0,0,ongoing,-,0,-0.064194,-0.051507,-0.014177,-0.013355
3,565,B,0,0,3,3,2,3,0,0,0,ongoing,-,0,-0.032488,-0.017969,-0.014389,-0.015283
3,566,W,0,0,2,5,3,5,0,0,0,ongoing,-,0,-0.064282,-0.050222,-0.015383,-0.014800
3,567,B,0,0,2,3,1,4,0,0,0,ongoing,-,0,-0.037452,-0.022414,-0.015791,-0.015830
3,568,W,0,0,3,5,2,6,0,0,0,ongoing,-,0,-0.037496,-0.022605,-0.016010,-0.015675
3,569,B,0,0,5,5,5,6,0,0,0,ongoing,-,0,-0.014541,0.000861,-0.015851,-0.016212
3,570,W,0,0,2,6,1,6,0,0,0,ongoing,-,0,-0.026710,-0.011492,-0.015766,-0.016019
3,571,B,0,0,8,1,8,2,0,0,0,ongoing,-,0,-0.037630,-0.022182,-0.015901,-0.016261
3,572,W,0,0,1,6,0,6,0,0,0,ongoing,-,0,-0.064925,-0.049942,-0.016445,-0.015771
3,573,B,0,0,1,4,0,4,0,0,0,ongoing,-,0,-0.016094,0.000857,-0.016703,-0.017843
3,574,W,0,0,0,6,1,6,0,0,0,ongoing,-,0,-0.045389,-0.029764,-0.017363,-0.016447
3,575,B,0,0,5,6,5,5,0,0,0,ongoing,-,0,-0.037809,-0.021697,-0.016787,-0.016961
3,576,W,0,0,1,6,0,6,0,0,0,ongoing,-,0,-0.016229,0.000430,-0.017092,-0.017536
3,577,B,0,0,8,2,8,1,0,0,0,ongoing,-,0,-0.037899,-0.021353,-0.017055,-0.017417
3,578,W,0,0,0,6,1,6,0,0,0,ongoing,-,0,-0.045569,-0.029781,-0.017538,-0.016619
3,579,B,0,0,5,5,5,4,0,0,0,ongoing,-,0,-0.037989,-0.021716,-0.016956,-0.017130
3,580,W,0,0,1,6,0,7,0,0,0,ongoing,-,0,-0.076160,-0.060244,-0.017258,-0.016753
3,581,B,0,0,8,1,8,2,0,0,0,ongoing,-,0,-0.038080,-0.020757,-0.017872,-0.018235
3,582,W,0,0,0,7,1,7,0,0,0,ongoing,-,0,-0.045750,-0.029263,-0.018310,-0.017355
3,583,B,0,0,0,4,1,4,0,0,0,ongoing,-,0,-0.015796,0.001237,-0.017634,-0.017929
3,584,W,0,0,1,7,2,7,0,0,0,ongoing,-,0,-0.046216,-0.030306,-0.017447,-0.016748
3,585,B,0,0,1,4,2,4,0,0,0,ongoing,-,0,-0.016262,0.000659,-0.017077,-0.017811
3,586,W,0,0,2,7,1,7,0,0,0,ongoing,-,0,-0.046308,-0.030482,-0.017357,-0.016659
3,587,B,0,0,2,4,3,5,0,0,0,ongoing,-,0,-0.035478,-0.018675,-0.016995,-0.017687
3,588,W,0,0,1,7,1,6,0,0,0,ongoing,-,0,-0.033524,-0.016336,-0.017730,-0.018092
3,589,B,0,0,3,5,3,6,0,0,0,ongoing,-,0,-0.033570,-0.015409,-0.018056,-0.019116
3,590,W,0,0,1,6,1,5,0,0,0,ongoing,-,0,-0.065366,-0.048255,-0.019041,-0.018012
3,591,B,0,0,3,6,3,5,0,0,0,ongoing,-,0,-0.033662,-0.014717,-0.018842,-0.019942
3,592,W,0,0,1,5,1,4,0,0,0,ongoing,-,0,-0.065458,-0.047638,-0.019824,-0.018758
3,593,B,0,0,8,2,8,3,0,0,0,ongoing,-,0,-0.038629,-0.019709,-0.019550,-0.019915
3,594,W,0,0,1,4,1,5,0,0,0,ongoing,-,0,-0.033800,-0.014463,-0.019920,-0.020355
3,595,B,0,0,8,3,8,2,0,0,0,ongoing,-,0,-0.188721,-0.168746,-0.020199,-0.021026
3,596,W,0,0,1,5,0,4,0,0,0,ongoing,-,0,-0.111768,-0.090379,-0.025482,-0.022514
3,597,B,0,0,3,5,3,4,0,0,0,ongoing,-,0,-0.016814,0.007250,-0.024230,-0.025330
3,598,W,0,0,0,4,0,3,0,0,0,ongoing,-,0,-0.046860,-0.024572,-0.024511,-0.023462
3,599,B,0,0,3,4,3,3,0,0,0,ongoing,-,0,-0.016907,0.006415,-0.023463,-0.024549
3,600,W,0,0,0,3,0,2,0,0,0,ongoing,-,1,-1.046953,-1.046953,-0.023770,0.000000
4,1,B,1,0,-1,-1,3,2,5,0,0,ongoing,-,0,-0.023000,-0.038464,0.016305,0.016278
4,2,W,0,0,3,6,4,5,0,0,0,ongoing,-,0,0.001993,-0.011659,0.014421,0.014371
4,3,B,1,0,-1,-1,3,2,12,0,0,ongoing,-,0,0.014987,0.003150,0.013487,0.012460
4,4,W,1,0,-1,-1,4,5,12,0,0,ongoing,-,0,0.014980,0.002881,0.012105,0.012736
4,5,B,0,0,3,2,3,7,0,0,0,ongoing,-,0,0.022973,0.012166,0.012419,0.011375
4,6,W,0,2,4,5,4,1,0,250,0,ongoing,-,0,0.075216,0.067556,0.011367,0.008062
4,7,B,1,0,-1,-1,3,7,10,0,1,ongoing,-,0,0.272959,0.291522,0.010103,-0.019540
4,8,W,0,0,4,8,5,7,0,0,0,ongoing,-,0,-0.006000,-0.025474,-0.011366,0.020499
4,9,B,0,2,3,7,4,7,0,250,1,ongoing,-,0,0.325195,0.334878,0.020081,-0.010193
4,10,W,0,2,4,6,4,7,0,500,0,ongoing,-,0,0.369812,0.339154,-0.000697,0.032272
4,11,B,1,0,-1,-1,4,6,10,0,1,ongoing,-,0,0.267930,0.258763,0.042331,0.009649
4,12,W,0,2,4,5,4,6,0,500,0,ongoing,-,0,0.343798,0.295940,0.016049,0.050377
4,13,B,0,2,3,7,4,7,0,100,1,ongoing,-,0,0.262415,0.238731,0.058643,0.024931
4,14,W,0,2,4,6,4,7,0,350,0,ongoing,-,0,0.326783,0.267082,0.030260,0.062843
4,15,B,0,2,4,2,4,1,0,350,0,ongoing,-,0,0.040650,-0.026077,0.069240,0.070239
4,16,W,0,1,3,8,4,7,0,0,0,ongoing,-,0,0.014893,-0.047855,0.067134,0.066050
4,17,B,0,1,5,0,4,1,0,0,0,ongoing,-,0,0.032885,-0.028568,0.062299,0.064687
4,18,W,1,0,-1,-1,7,6,13,0,0,ongoing,-,0,-0.023123,-0.081374,0.061700,0.061317
4,19,B,0,2,4,1,4,7,0,1250,1,ongoing,-,0,0.469119,0.446601,0.056506,0.023704
4,20,W,0,2,5,7,4,7,0,900,0,ongoing,-,0,0.432236,0.369024,0.033198,0.066539
4,21,B,0,0,3,2,5,4,0,0,0,ongoing,-,0,0.024853,-0.049398,0.074583,0.078159
4,22,W,1,0,-1,-1,8,6,8,0,0,ongoing,-,0,-0.023155,-0.090804,0.074119,0.071210
4,23,B,0,0,5,4,3,6,0,0,1,ongoing,-,0,0.243837,0.211036,0.065736,0.034528
4,24,W,0,2,2,6,3,6,0,300,0,ongoing,-,0,0.306954,0.244379,0.037978,0.065868
4,25,B,1,0,-1,-1,4,2,7,0,0,ongoing,-,0,0.001821,-0.061149,0.070619,0.066284
4,26,W,1,0,-1,-1,4,6,7,0,0,ongoing,-,0,0.001812,-0.053096,0.062521,0.057798
4,27,B,0,0,3,2,4,3,0,0,0,ongoing,-,0,0.001804,-0.056451,0.054693,0.061321
4,28,W,1,0,-1,-1,6,8,5,0,0,ongoing,-,0,-0.023204,-0.074430,0.058239,0.053922
4,29,B,1,0,-1,-1,4,3,13,0,0,ongoing,-,0,0.014787,-0.027448,0.050150,0.044458
4,30,W,1,0,-1,-1,5,8,3,0,0,ongoing,-,0,-0.023221,-0.063398,0.042432,0.042291
4,31,B,0,0,4,3,4,5,0,0,1,ongoing,-,0,0.243770,0.217720,0.039661,0.027421
4,32,W,0,2,5,6,4,5,0,350,0,ongoing,-,0,0.318136,0.272289,0.031260,0.048261
4,33,B,1,0,-1,-1,0,1,4,0,0,ongoing,-,0,-0.023247,-0.069317,0.053801,0.048494
4,34,W,0,0,4,5,4,4,0,0,0,ongoing,-,0,0.001744,-0.045789,0.045274,0.050035
4,35,B,0,2,4,3,4,4,0,350,0,ongoing,-,0,0.048485,0.009565,0.047686,0.040968
4,36,W,0,0,4,6,4,5,0,0,0,ongoing,-,0,0.001726,-0.040565,0.040006,0.044517
4,37,B,0,1,4,4,4,5,0,0,1,ongoing,-,0,0.309717,0.287473,0.042488,0.023415
4,38,W,1,0,-1,-1,4,6,3,0,0,ongoing,-,0,0.270583,0.225146,0.028638,0.047828
4,39,B,0,2,4,5,4,6,0,250,1,ongoing,-,0,0.265949,0.234024,0.051749,0.033605
4,40,W,0,2,3,6,4,6,0,350,0,ongoing,-,0,0.338939,0.296975,0.037479,0.044173
4,41,B,0,0,7,1,6,0,0,0,0,ongoing,-,0,-0.023320,-0.070111,0.049391,0.049254
4,42,W,0,0,4,5,4,4,0,0,0,ongoing,-,0,0.001671,-0.046120,0.046757,0.050306
4,43,B,0,0,4,2,4,3,0,0,0,ongoing,-,0,0.001661,-0.047569,0.048322,0.051821
4,44,W,1,0,-1,-1,7,7,10,0,0,ongoing,-,0,-0.023348,-0.070523,0.049622,0.049658
4,45,B,1,0,-1,-1,2,2,8,0,0,ongoing,-,0,-0.023358,-0.061643,0.046761,0.040300
4,46,W,0,2,4,4,4,3,0,100,0,ongoing,-,0,0.022132,-0.015543,0.037816,0.039659
4,47,B,0,2,5,2,4,3,0,100,0,ongoing,-,0,0.019748,-0.008359,0.038553,0.029586
4,48,W,0,0,4,6,4,5,0,0,0,ongoing,-,0,0.001613,-0.028840,0.028693,0.032056
4,49,B,0,0,4,3,4,4,0,0,0,ongoing,-,0,0.004603,-0.026079,0.030948,0.032297
4,50,W,0,2,4,5,4,4,0,350,0,ongoing,-,0,0.054343,0.024978,0.031132,0.030910
4,51,B,0,2,2,2,4,4,0,200,0,ongoing,-,0,0.040708,0.015109,0.030790,0.026946
4,52,W,1,0,-1,-1,4,6,4,0,0,ongoing,-,0,0.001073,-0.020570,0.026659,0.022782
4,53,B,1,0,-1,-1,4,4,3,0,0,ongoing,-,0,0.019563,-0.002343,0.021911,0.023060
4,54,W,0,0,4,7,3,7,0,0,0,ongoing,-,0,-0.052697,-0.075693,0.022611,0.024206
4,55,B,0,2,4,4,4,6,0,300,1,ongoing,-,0,0.298043,0.284992,0.022410,0.013737
4,56,W,0,0,3,7,3,6,0,0,0,ongoing,-,0,0.241158,0.211572,0.017959,0.031142
4,57,B,1,0,-1,-1,3,5,3,0,1,ongoing,-,0,0.280522,0.269991,0.034410,0.011085
4,58,W,0,1,3,6,3,5,0,0,0,ongoing,-,0,0.341512,0.313542,0.014970,0.029442
4,59,B,0,0,4,6,4,5,0,0,0,ongoing,-,0,0.040501,0.011823,0.034268,0.030187
4,60,W,0,1,3,5,4,4,0,0,0,ongoing,-,0,-0.001509,-0.039662,0.029794,0.040161
4,61,B,0,0,3,5,3,4,0,0,0,ongoing,-,0,0.017480,-0.012647,0.038900,0.031713
4,62,W,0,1,7,7,6,7,0,0,0,ongoing,-,0,-0.023531,-0.060676,0.030705,0.039100
4,63,B,0,1,3,4,4,5,0,0,1,ongoing,-,0,0.197584,0.181724,0.037312,0.016694
4,64,W,0,1,4,4,6,2,0,0,1,ongoing,-,0,0.469698,0.434635,0.019373,0.036908
4,65,B,0,1,4,0,4,1,0,0,0,ongoing,-,0,0.260437,0.216096,0.044598,0.046675
4,66,W,0,2,6,7,4,5,0,500,0,ongoing,-,0,0.068926,0.011970,0.050958,0.059954
4,67,B,0,0,4,1,3,1,0,0,0,ongoing,-,0,-0.059585,-0.102799,0.058867,0.045489
4,68,W,1,0,-1,-1,3,2,10,0,1,ongoing,-,0,0.286404,0.252535,0.041761,0.035651
4,69,B,0,2,3,1,3,2,0,500,0,ongoing,-,0,0.384393,0.349960,0.040014,0.036244
4,70,W,0,2,6,2,4,4,0,400,0,ongoing,-,0,0.096756,0.053585,0.042476,0.045444
4,71,B,0,1,3,2,2,2,0,0,1,ongoing,-,0,0.199620,0.167206,0.045651,0.034120
4,72,W,0,0,4,4,3,4,0,0,0,ongoing,-,0,0.265734,0.218753,0.036248,0.049454
4,73,B,0,0,2,2,1,3,0,0,0,ongoing,-,0,-0.039778,-0.086473,0.052681,0.049153
4,74,W,0,0,2,7,1,5,0,0,1,ongoing,-,0,0.245336,0.205900,0.046403,0.041511
4,75,B,0,1,1,3,2,2,0,0,0,ongoing,-,0,0.281324,0.232786,0.044519,0.051093
4,76,W,0,1,6,6,7,7,0,0,0,ongoing,-,0,-0.024312,-0.076891,0.054785,0.055346
4,77,B,0,0,2,1,3,3,0,0,0,ongoing,-,0,0.052926,0.003433,0.052629,0.052097
4,78,W,0,0,1,5,2,3,0,0,0,ongoing,-,0,0.063539,0.009122,0.051083,0.057281
4,79,B,0,1,2,2,2,3,0,0,1,ongoing,-,0,0.253527,0.210691,0.056325,0.045091
4,80,W,0,0,3,4,4,4,0,0,0,ongoing,-,0,-0.006000,-0.061939,0.048655,0.058884
4,81,B,0,2,3,3,4,5,0,500,1,ongoing,-,0,0.282503,0.241591,0.056398,0.043065
4,82,W,0,0,4,4,5,5,0,0,0,ongoing,-,0,-0.006000,-0.058014,0.046865,0.054751
4,83,B,0,0,1,1,1,0,0,0,0,ongoing,-,0,-0.023896,-0.065671,0.052710,0.043974
4,84,W,0,0,1,7,3,5,0,0,0,ongoing,-,0,0.046592,-0.001275,0.041897,0.050386
4,85,B,0,0,3,0,2,1,0,0,0,ongoing,-,0,0.035080,-0.011397,0.049628,0.048923
4,86,W,0,0,8,6,8,7,0,0,0,ongoing,-,0,-0.023807,-0.074248,0.047700,0.053095
4,87,B,0,0,2,1,6,5,0,0,1,ongoing,-,0,0.252430,0.213864,0.050529,0.040596
4,88,W,0,2,5,5,6,5,0,600,0,ongoing,-,0,0.429668,0.388270,0.043961,0.043576
4,89,B,0,0,6,2,7,1,0,0,0,ongoing,-,0,-0.026970,-0.077304,0.049832,0.052983
4,90,W,0,0,5,8,5,7,0,0,0,ongoing,-,0,0.017018,-0.028510,0.050652,0.047924
4,91,B,0,0,6,1,6,3,0,0,1,ongoing,-,0,0.260130,0.217243,0.046475,0.045144
4,92,W,0,0,6,5,5,4,0,0,0,ongoing,-,0,0.225992,0.168012,0.048215,0.061032
4,93,B,0,0,6,3,6,2,0,0,1,ongoing,-,0,0.196105,0.148630,0.063638,0.049973
4,94,W,0,0,5,4,5,3,0,0,0,ongoing,-,0,0.250092,0.187775,0.051820,0.065597
4,95,B,0,0,6,0,4,2,0,0,1,ongoing,-,0,0.218579,0.165483,0.068550,0.055890
4,96,W,0,1,5,3,6,2,0,0,0,ongoing,-,0,0.270691,0.203371,0.058022,0.070863
4,97,B,0,2,4,5,5,7,0,250,0,ongoing,-,0,0.027803,-0.035416,0.073999,0.066547
4,98,W,0,1,5,8,6,7,0,0,1,ongoing,-,0,0.204790,0.142977,0.064158,0.065066
4,99,B,0,0,2,3,1,2,0,0,0,ongoing,-,0,-0.006000,-0.072050,0.066755,0.069526
4,100,W,0,1,6,7,2,3,0,0,1,ongoing,-,0,0.190763,0.129855,0.066300,0.064114
4,101,B,0,0,1,2,1,1,0,0,0,ongoing,-,0,-0.006000,-0.066817,0.065591,0.064018
4,102,W,0,2,2,3,0,1,0,300,1,ongoing,-,0,0.293487,0.235104,0.061192,0.061456
4,103,B,0,2,1,1,0,1,0,600,0,ongoing,-,0,0.398348,0.346063,0.065162,0.055037
4,104,W,0,2,3,5,5,7,0,350,0,ongoing,-,0,0.040210,-0.030001,0.060196,0.073906
4,105,B,0,2,2,2,2,3,0,350,0,ongoing,-,0,0.043696,-0.006316,0.072232,0.052645
4,106,W,0,2,6,2,8,2,0,100,0,ongoing,-,0,0.033682,-0.025139,0.051323,0.061917
4,107,B,0,0,4,2,6,4,0,0,1,ongoing,-,0,0.220044,0.177033,0.060634,0.045275
4,108,W,0,2,8,2,7,1,0,200,0,ongoing,-,0,0.303530,0.244288,0.047199,0.062360
4,109,B,0,0,6,4,8,2,0,0,1,ongoing,-,0,0.187141,0.140883,0.065622,0.048693
4,110,W,0,2,7,1,8,2,0,300,0,ongoing,-,0,0.317127,0.261399,0.049933,0.058661
4,111,B,0,0,6,2,6,1,0,0,0,ongoing,-,0,0.006863,-0.046488,0.062135,0.056160
4,112,W,0,1,6,7,6,8,0,0,0,ongoing,-,0,-0.024026,-0.081877,0.054369,0.060896
4,113,B,0,0,6,1,7,3,0,0,0,ongoing,-,0,0.002835,-0.047073,0.058708,0.052535
4,114,W,0,2,8,2,7,3,0,350,0,ongoing,-,0,0.043946,-0.004026,0.050834,0.050497
4,115,B,0,0,4,1,4,2,0,0,0,ongoing,-,0,0.000807,-0.046358,0.049665,0.049647
4,116,W,0,0,7,3,8,2,0,0,0,ongoing,-,0,-0.024582,-0.071019,0.048198,0.048881
4,117,B,0,0,0,1,0,0,0,0,0,ongoing,-,0,-0.024472,-0.066219,0.047031,0.043944
4,118,W,0,0,0,6,0,5,0,0,0,ongoing,-,0,0.000764,-0.041754,0.042243,0.044756
4,119,B,0,1,0,0,1,0,0,0,0,ongoing,-,0,-0.024001,-0.063296,0.043495,0.041364
4,120,W,0,0,0,5,0,4,0,0,0,ongoing,-,0,0.000735,-0.039162,0.039758,0.041997
4,121,B,0,0,1,0,3,0,0,0,0,ongoing,-,0,-0.024155,-0.059799,0.040808,0.037520
4,122,W,0,0,8,2,7,1,0,0,0,ongoing,-,0,0.006080,-0.031804,0.036051,0.039878
4,123,B,0,0,4,2,4,1,0,0,0,ongoing,-,0,0.003691,-0.032230,0.038885,0.037811
4,124,W,0,0,7,1,8,0,0,0,0,ongoing,-,0,-0.024949,-0.058644,0.036702,0.035468
4,125,B,0,0,4,1,4,0,0,0,0,ongoing,-,0,0.000536,-0.031858,0.034024,0.034099
4,126,W,0,0,8,0,7,0,0,0,0,ongoing,-,0,-0.005104,-0.039063,0.033103,0.035746
4,127,B,0,1,3,0,4,0,0,0,0,ongoing,-,0,0.009006,-0.024435,0.034592,0.035201
4,128,W,0,1,7,7,8,7,0,0,0,ongoing,-,0,-0.024884,-0.058917,0.034195,0.035824
4,129,B,0,0,1,0,0,0,0,0,0,ongoing,-,0,-0.024524,-0.054568,0.034233,0.031624
4,130,W,0,0,5,7,4,8,0,0,0,ongoing,-,0,-0.024540,-0.055135,0.030109,0.032205
4,131,B,0,0,4,0,5,0,0,0,0,ongoing,-,0,-0.053055,-0.085574,0.030751,0.034230
4,132,W,0,0,0,4,0,5,0,0,0,ongoing,-,0,-0.024445,-0.054990,0.032124,0.032153
4,133,B,0,0,0,2,0,1,0,0,0,ongoing,-,0,-0.024586,-0.053200,0.030469,0.030121
4,134,W,0,0,0,5,0,4,0,0,0,ongoing,-,0,-0.024476,-0.051613,0.028503,0.028565
4,135,B,0,1,0,1,0,0,0,0,0,ongoing,-,0,-0.024742,-0.049852,0.027016,0.026431
4,136,W,0,0,0,4,0,5,0,0,0,ongoing,-,0,-0.024508,-0.048340,0.024946,0.025087
4,137,B,0,0,2,3,1,2,0,0,0,ongoing,-,0,-0.024523,-0.046774,0.023671,0.023421
4,138,W,0,0,0,5,0,4,0,0,0,ongoing,-,0,-0.024539,-0.045619,0.022060,0.022189
4,139,B,0,0,1,2,0,1,0,0,0,ongoing,-,0,-0.024930,-0.043957,0.020881,0.020029
4,140,W,0,0,7,6,6,7,0,0,0,ongoing,-,0,-0.024321,-0.042792,0.018775,0.019444
4,141,B,0,1,0,0,0,1,0,0,0,ongoing,-,0,-0.024587,-0.041494,0.018254,0.017797
4,142,W,0,0,6,7,5,8,0,0,0,ongoing,-,0,-0.024853,-0.040597,0.016642,0.016573
4,143,B,0,1,0,1,0,0,0,0,0,ongoing,-,0,-0.024619,-0.038978,0.015467,0.015114
4,144,W,0,1,8,7,7,7,0,0,0,ongoing,-,0,-0.024260,-0.038427,0.014062,0.014913
4,145,B,0,1,0,0,0,1,0,0,0,ongoing,-,0,-0.024651,-0.037396,0.013897,0.013415
4,146,W,0,1,7,7,6,8,0,0,0,ongoing,-,0,-0.024918,-0.036682,0.012422,0.012384
4,147,B,0,1,0,1,0,0,0,0,0,ongoing,-,0,-0.024684,-0.035185,0.011432,0.011054
4,148,W,0,1,7,7,8,7,0,0,0,ongoing,-,0,-0.025200,-0.034327,0.010151,0.009607
4,149,B,0,1,0,0,0,1,0,0,0,ongoing,-,0,-0.024717,-0.032852,0.008746,0.008563
4,150,W,0,0,0,4,0,5,0,0,0,ongoing,-,0,-0.024733,-0.032176,0.007757,0.007835
4,151,B,0,1,0,1,0,0,0,0,0,ongoing,-,0,-0.024750,-0.031292,0.007061,0.006887
4,152,W,0,0,0,5,0,6,0,0,0,ongoing,-,0,-0.024767,-0.030670,0.006143,0.006214
4,153,B,0,1,0,0,0,1,0,0,0,ongoing,-,0,-0.024783,-0.029850,0.005499,0.005333
4,154,W,0,0,0,6,0,7,0,0,0,ongoing,-,0,-0.024800,-0.029276,0.004647,0.004712
4,155,B,0,1,0,1,0,0,0,0,0,ongoing,-,0,-0.024817,-0.028516,0.004053,0.003893
4,156,W,0,0,7,0,8,0,0,0,0,ongoing,-,0,-0.070834,-0.069561,0.003261,-0.001340
4,157,B,0,1,0,0,0,1,0,0,0,ongoing,-,0,-0.024851,-0.022605,-0.002627,-0.002364
4,158,W,0,0,0,7,0,8,0,0,0,ongoing,-,0,-0.024993,-0.021895,-0.002706,-0.003261
4,159,B,0,1,0,1,0,0,0,0,0,ongoing,-,0,-0.024885,-0.021770,-0.003589,-0.003279
4,160,W,0,0,8,7,6,7,0,0,0,ongoing,-,0,-0.024778,-0.021179,-0.003590,-0.003788
4,161,B,0,1,0,0,0,1,0,0,0,ongoing,-,0,-0.024920,-0.021286,-0.004089,-0.003826
4,162,W,0,0,6,7,7,7,0,0,0,ongoing,-,0,-0.024562,-0.020888,-0.004120,-0.003868
4,163,B,0,1,0,1,0,0,0,0,0,ongoing,-,0,-0.024955,-0.021124,-0.004156,-0.004033
4,164,W,0,1,7,7,8,7,0,0,0,ongoing,-,0,-0.025472,-0.020397,-0.004324,-0.005342
4,165,B,0,1,0,0,0,1,0,0,0,ongoing,-,0,-0.024990,-0.019948,-0.005618,-0.005308
4,166,W,0,0,8,7,6,7,0,0,0,ongoing,-,0,-0.024882,-0.019419,-0.005554,-0.005751
4,167,B,0,1,0,1,0,0,0,0,0,ongoing,-,0,-0.025025,-0.019587,-0.005989,-0.005725
4,168,W,0,1,8,6,8,7,0,0,0,ongoing,-,0,-0.025168,-0.018982,-0.005959,-0.006512
4,169,B,0,1,0,0,0,1,0,0,0,ongoing,-,0,-0.025061,-0.018958,-0.006736,-0.006425
4,170,W,0,0,8,7,8,8,0,0,0,ongoing,-,0,-0.025079,-0.018397,-0.006635,-0.007033
4,171,B,0,1,0,1,0,0,0,0,0,ongoing,-,0,-0.025097,-0.018519,-0.007235,-0.006924
4,172,W,0,1,8,7,8,8,0,0,0,ongoing,-,0,-0.025240,-0.017908,-0.007119,-0.007717
4,173,B,0,1,0,0,0,1,0,0,0,ongoing,-,0,-0.025133,-0.017965,-0.007903,-0.007545
4,174,W,0,0,0,8,0,7,0,0,0,ongoing,-,0,-0.025026,-0.017462,-0.007719,-0.007962
4,175,B,0,0,0,1,0,2,0,0,0,ongoing,-,0,-0.024794,-0.017939,-0.008130,-0.007216
4,176,W,0,0,0,7,0,8,0,0,0,ongoing,-,0,-0.025312,-0.017595,-0.007385,-0.008124
4,177,B,0,1,0,0,0,1,0,0,0,ongoing,-,0,-0.025456,-0.017662,-0.008301,-0.008204
4,178,W,0,0,0,8,0,7,0,0,0,ongoing,-,0,-0.025099,-0.016876,-0.008366,-0.008656
4,179,B,0,0,4,0,4,1,0,0,0,ongoing,-,0,-0.025118,-0.017286,-0.008803,-0.008244
4,180,W,0,0,0,7,0,8,0,0,0,ongoing,-,0,-0.025386,-0.016758,-0.008391,-0.009082
4,181,B,0,0,4,1,4,2,0,0,0,ongoing,-,0,-0.025280,-0.016943,-0.009227,-0.008775
4,182,W,0,0,0,8,0,7,0,0,0,ongoing,-,0,-0.025174,-0.016390,-0.008909,-0.009246
4,183,B,0,0,4,2,4,3,0,0,0,ongoing,-,0,-0.025317,-0.016796,-0.009376,-0.008970
4,184,W,0,0,0,7,0,8,0,0,0,ongoing,-,0,-0.025461,-0.016160,-0.009099,-0.009790
4,185,B,0,0,4,3,4,4,0,0,0,ongoing,-,0,-0.025355,-0.016367,-0.009913,-0.009461
4,186,W,0,0,0,8,0,7,0,0,0,ongoing,-,0,-0.025249,-0.015835,-0.009573,-0.009909
4,187,B,0,0,4,4,4,5,0,0,0,ongoing,-,0,-0.025393,-0.016261,-0.010018,-0.009613
4,188,W,0,0,0,7,0,8,0,0,0,ongoing,-,0,-0.025537,-0.015646,-0.009722,-0.010412
4,189,B,0,0,4,5,4,6,0,0,0,ongoing,-,0,-0.025431,-0.015872,-0.010516,-0.010063
4,190,W,0,0,0,8,0,7,0,0,0,ongoing,-,0,-0.025326,-0.015358,-0.010156,-0.010493
4,191,B,0,0,4,6,4,7,0,0,0,ongoing,-,0,-0.025345,-0.015867,-0.010583,-0.009977
4,192,W,0,0,4,8,5,7,0,0,0,ongoing,-,0,-0.004364,0.005667,-0.010070,-0.010560
4,193,B,0,0,4,7,4,6,0,0,0,ongoing,-,0,-0.025509,-0.016091,-0.010285,-0.009913
4,194,W,0,2,5,7,4,6,0,100,0,ongoing,-,0,0.009222,0.019104,-0.010015,-0.010402
4,195,B,0,0,0,1,0,0,0,0,0,ongoing,-,0,-0.025298,-0.016523,-0.009894,-0.009237
4,196,W,0,0,4,6,2,8,0,0,0,ongoing,-,0,-0.025942,-0.016073,-0.009352,-0.010389
4,197,B,0,1,0,2,0,1,0,0,0,ongoing,-,0,-0.025962,-0.015875,-0.010506,-0.010618
4,198,W,0,0,0,7,0,8,0,0,0,ongoing,-,0,-0.025732,-0.014953,-0.010712,-0.011347
4,199,B,0,1,0,1,0,0,0,0,0,ongoing,-,0,-0.025627,-0.015154,-0.011421,-0.011024
4,200,W,0,0,2,8,0,6,0,0,0,ongoing,-,0,-0.025647,-0.014656,-0.011089,-0.011570
4,201,B,0,1,0,0,0,1,0,0,0,ongoing,-,0,-0.025667,-0.014993,-0.011632,-0.011235
4,202,W,0,0,0,6,1,7,0,0,0,ongoing,-,0,-0.025562,-0.014566,-0.011294,-0.011574
4,203,B,0,1,0,1,0,0,0,0,0,ongoing,-,0,-0.025707,-0.014990,-0.011631,-0.011281
4,204,W,0,1,1,7,0,8,0,0,0,ongoing,-,0,-0.026102,-0.014346,-0.011340,-0.012375
4,205,B,0,1,0,0,0,1,0,0,0,ongoing,-,0,-0.025747,-0.014407,-0.012427,-0.011937
4,206,W,0,0,8,8,6,6,0,0,0,ongoing,-,0,-0.025642,-0.013915,-0.011972,-0.012345
4,207,B,0,1,0,1,0,0,0,0,0,ongoing,-,0,-0.025788,-0.014449,-0.012379,-0.011935
4,208,W,0,1,6,6,6,7,0,0,0,ongoing,-,0,-0.026058,-0.013805,-0.011972,-0.012899
4,209,B,0,1,0,0,0,1,0,0,0,ongoing,-,0,-0.025829,-0.014055,-0.012931,-0.012394
4,210,W,0,0,8,8,8,7,0,0,0,ongoing,-,0,-0.025724,-0.013533,-0.012414,-0.012833
4,211,B,0,1,0,1,0,0,0,0,0,ongoing,-,0,-0.025870,-0.014126,-0.012852,-0.012362
4,212,W,0,0,8,7,8,6,0,0,0,ongoing,-,0,-0.025891,-0.013582,-0.012384,-0.012957
4,213,B,0,0,5,0,6,1,0,0,0,ongoing,-,0,-0.039786,-0.031725,-0.012978,-0.008486
4,214,W,0,0,8,0,8,1,0,0,0,ongoing,-,0,-0.020807,-0.013871,-0.008817,-0.007301
4,215,B,0,1,0,0,0,1,0,0,0,ongoing,-,0,-0.025953,-0.019441,-0.007401,-0.006855
4,216,W,0,0,8,6,8,5,0,0,0,ongoing,-,0,-0.025974,-0.018616,-0.007110,-0.007746
4,217,B,0,0,6,1,5,0,0,0,0,ongoing,-,0,-0.098995,-0.086335,-0.007990,-0.013327
4,218,W,0,0,8,1,8,0,0,0,0,ongoing,-,0,-0.004266,0.010534,-0.014707,-0.015579
4,219,B,0,1,0,1,0,0,0,0,0,ongoing,-,0,-0.026037,-0.012188,-0.015146,-0.014578
4,220,W,0,0,8,5,8,4,0,0,0,ongoing,-,0,-0.026059,-0.011643,-0.014526,-0.015175
4,221,B,0,0,5,0,6,0,0,0,0,ongoing,-,0,-0.038330,-0.027663,-0.015123,-0.011228
4,222,W,0,0,8,4,8,3,0,0,0,ongoing,-,0,-0.026101,-0.014590,-0.011458,-0.012117
4,223,B,0,1,0,0,0,1,0,0,0,ongoing,-,0,-0.026123,-0.015098,-0.012179,-0.011605
4,224,W,0,0,8,3,8,2,0,0,0,ongoing,-,0,-0.026144,-0.014438,-0.011664,-0.012323
4,225,B,0,0,6,0,6,1,0,0,0,ongoing,-,0,-0.033791,-0.023391,-0.012378,-0.010947
4,226,W,0,0,5,8,5,6,0,0,0,ongoing,-,0,-0.025937,-0.014639,-0.011162,-0.011893
4,227,B,0,0,6,1,6,0,0,0,0,ongoing,-,0,0.001416,0.012693,-0.011959,-0.011871
4,228,W,0,0,8,2,8,1,0,0,0,ongoing,-,0,-0.003356,0.008182,-0.011392,-0.012145
4,229,B,0,1,0,1,0,0,0,0,0,ongoing,-,0,-0.026253,-0.015906,-0.011752,-0.010892
4,230,W,0,0,0,8,2,6,0,0,0,ongoing,-,0,-0.025525,-0.015339,-0.010975,-0.010722
4,231,B,0,1,0,0,0,1,0,0,0,ongoing,-,0,-0.026297,-0.016580,-0.010810,-0.010228
4,232,W,0,1,8,0,8,1,0,0,0,ongoing,-,0,0.002056,0.012171,-0.010345,-0.010647
4,233,B,0,0,6,0,5,1,0,0,0,ongoing,-,0,-0.063716,-0.053453,-0.010206,-0.010803
4,234,W,0,0,5,6,5,4,0,0,0,ongoing,-,0,0.015887,0.028867,-0.011601,-0.013663
4,235,B,0,0,5,1,6,0,0,0,0,ongoing,-,0,0.001115,0.008674,-0.012935,-0.007957
4,236,W,0,0,5,4,5,2,0,0,0,ongoing,-,0,0.015593,0.024924,-0.007567,-0.009823
4,237,B,0,1,0,1,0,0,0,0,0,ongoing,-,0,-0.026430,-0.021839,-0.009191,-0.004832
4,238,W,0,0,5,2,5,0,0,0,0,ongoing,-,0,-0.010577,-0.001634,-0.005085,-0.009414
4,239,B,0,2,6,0,5,0,0,350,0,ongoing,-,0,-0.006600,0.004041,-0.009345,-0.011200
4,240,W,0,0,8,1,8,0,0,0,0,ongoing,-,0,-0.023872,-0.011176,-0.010960,-0.013365
4,241,B,0,1,0,0,0,1,0,0,0,ongoing,-,0,-0.026520,-0.013990,-0.013368,-0.013189
4,242,W,0,1,8,0,8,1,0,0,0,ongoing,-,0,0.004832,0.017316,-0.013200,-0.013141
4,243,B,0,0,5,0,5,1,0,0,0,ongoing,-,0,-0.004190,0.005161,-0.012604,-0.009843
4,244,W,0,0,2,6,1,5,0,0,0,ongoing,-,0,-0.026838,-0.015287,-0.009530,-0.012159
4,245,B,0,1,0,1,0,0,0,0,0,ongoing,-,0,-0.026611,-0.017084,-0.012264,-0.010029
4,246,W,0,0,1,5,3,3,0,0,1,ongoing,-,0,0.196616,0.208782,-0.010117,-0.012807
4,247,B,0,0,5,1,6,0,0,0,0,ongoing,-,0,0.267218,0.268222,-0.008819,-0.001058
4,248,W,0,0,3,3,4,2,0,0,1,ongoing,-,0,0.177320,0.178038,0.004013,-0.000756
4,249,B,0,0,6,0,5,0,0,0,0,ongoing,-,0,-0.006000,-0.011840,0.002752,0.006147
4,250,W,0,0,4,2,5,1,0,0,0,ongoing,-,0,0.008023,0.009581,0.005860,-0.001640
4,251,B,0,2,5,0,5,1,0,300,0,ongoing,-,0,0.045250,0.044242,-0.001574,0.001061
4,252,W,0,0,0,8,0,7,0,0,0,ongoing,-,0,-0.026648,-0.026090,0.001875,-0.000588
4,253,B,0,1,0,0,0,1,0,0,0,ongoing,-,0,-0.026797,-0.028156,-0.001102,0.001431
4,254,W,0,0,0,7,0,8,0,0,0,ongoing,-,0,-0.026945,-0.025158,0.000934,-0.001881
4,255,B,0,0,0,0,1,0,0,0,0,ongoing,-,0,-0.026469,-0.027246,-0.002361,0.000818
4,256,W,0,0,0,8,0,7,0,0,0,ongoing,-,0,-0.026742,-0.024629,0.000359,-0.002225
4,257,B,0,0,1,0,2,0,0,0,0,ongoing,-,0,-0.026891,-0.026861,-0.002686,-0.000032
4,258,W,0,0,8,1,7,1,0,0,0,ongoing,-,0,-0.071915,-0.075295,-0.000478,0.003558
4,259,B,0,0,2,0,1,0,0,0,0,ongoing,-,0,-0.026939,-0.029578,0.002075,0.002778
4,260,W,0,0,6,7,7,6,0,0,0,ongoing,-,0,-0.026588,-0.028393,0.002078,0.001901
4,261,B,0,0,1,0,0,0,0,0,0,ongoing,-,0,-0.027362,-0.028481,0.001226,0.001178
4,262,W,0,0,7,6,8,5,0,0,0,ongoing,-,0,-0.027136,-0.026962,0.000520,-0.000183
4,263,B,0,1,0,1,0,0,0,0,0,ongoing,-,0,-0.027035,-0.026719,-0.000792,-0.000333
4,264,W,0,0,6,7,5,7,0,0,0,ongoing,-,0,-0.026684,-0.025883,-0.000907,-0.000843
4,265,B,0,1,0,0,0,1,0,0,0,ongoing,-,0,-0.027083,-0.026055,-0.001397,-0.001082
4,266,W,0,0,5,7,5,8,0,0,0,ongoing,-,0,-0.027608,-0.024917,-0.001630,-0.002832
4,267,B,0,1,0,1,0,0,0,0,0,ongoing,-,0,-0.027132,-0.024418,-0.003349,-0.002857
4,268,W,0,0,0,7,0,8,0,0,0,ongoing,-,0,-0.027281,-0.023387,-0.003325,-0.004100
4,269,B,0,1,0,0,0,1,0,0,0,ongoing,-,0,-0.027181,-0.023368,-0.004546,-0.004013
4,270,W,0,0,5,8,5,6,0,0,0,ongoing,-,0,-0.026580,-0.022741,-0.004432,-0.004041
4,271,B,0,1,0,1,0,0,0,0,0,ongoing,-,0,-0.027230,-0.023287,-0.004449,-0.004151
4,272,W,0,0,7,1,7,0,0,0,0,ongoing,-,0,-0.054505,-0.047525,-0.004571,-0.007347
4,273,B,0,0,5,1,5,0,0,0,0,ongoing,-,0,0.000346,0.008489,-0.008242,-0.008572
4,274,W,0,0,8,1,8,0,0,0,0,ongoing,-,0,-0.004429,0.003619,-0.008233,-0.008472
4,275,B,0,1,0,0,0,1,0,0,0,ongoing,-,0,-0.027329,-0.019829,-0.008224,-0.007895
4,276,W,0,0,5,6,5,8,0,0,0,ongoing,-,0,-0.027979,-0.018903,-0.008138,-0.009554
4,277,B,0,1,0,1,0,0,0,0,0,ongoing,-,0,-0.027379,-0.018617,-0.009780,-0.009223
4,278,W,0,0,8,5,8,6,0,0,0,ongoing,-,0,-0.027404,-0.017859,-0.009409,-0.010048
4,279,B,0,1,0,0,0,1,0,0,0,ongoing,-,0,-0.027429,-0.018243,-0.010225,-0.009670
4,280,W,0,0,6,8,6,6,0,0,0,ongoing,-,0,-0.026830,-0.017831,-0.009839,-0.009473
4,281,B,0,1,0,1,0,0,0,0,0,ongoing,-,0,-0.027480,-0.018629,-0.009641,-0.009317
4,282,W,0,0,6,6,5,7,0,0,0,ongoing,-,0,-0.027755,-0.017956,-0.009507,-0.010315
4,283,B,0,1,0,0,0,1,0,0,0,ongoing,-,0,-0.027531,-0.017956,-0.010493,-0.010079
4,284,W,0,0,5,7,4,8,0,0,0,ongoing,-,0,-0.027556,-0.017360,-0.010236,-0.010733
4,285,B,0,1,0,1,0,0,0,0,0,ongoing,-,0,-0.027582,-0.017635,-0.010884,-0.010471
4,286,W,0,1,4,8,5,8,0,0,0,ongoing,-,0,-0.027732,-0.016988,-0.010613,-0.011310
4,287,B,0,1,0,0,0,1,0,0,0,ongoing,-,0,-0.027633,-0.017196,-0.011445,-0.010987
4,288,W,0,1,5,8,6,8,0,0,0,ongoing,-,0,-0.027909,-0.016462,-0.011108,-0.012050
4,289,B,0,0,0,1,0,2,0,0,0,ongoing,-,0,-0.027310,-0.016847,-0.012163,-0.011013
4,290,W,0,0,8,6,8,7,0,0,0,ongoing,-,0,-0.027711,-0.016423,-0.011113,-0.011881
4,291,B,0,1,0,2,0,1,0,0,0,ongoing,-,0,-0.028112,-0.016797,-0.011994,-0.011910
4,292,W,0,0,8,7,8,8,0,0,0,ongoing,-,0,-0.027888,-0.015687,-0.012012,-0.012843
4,293,B,0,1,0,1,0,0,0,0,0,ongoing,-,0,-0.027789,-0.016077,-0.012921,-0.012328
4,294,W,0,0,0,8,0,7,0,0,0,ongoing,-,0,-0.027690,-0.015463,-0.012395,-0.012870
4,295,B,0,1,0,0,0,1,0,0,0,ongoing,-,0,-0.027841,-0.016072,-0.012935,-0.012389
4,296,W,0,0,0,7,0,6,0,0,0,ongoing,-,0,-0.027867,-0.015437,-0.012456,-0.013085
4,297,B,0,1,0,1,0,0,0,0,0,ongoing,-,0,-0.027894,-0.015922,-0.013148,-0.012602
4,298,W,0,0,0,6,0,5,0,0,0,ongoing,-,0,-0.027920,-0.015295,-0.012662,-0.013290
4,299,B,0,1,0,0,0,1,0,0,0,ongoing,-,0,-0.027947,-0.015786,-0.013346,-0.012801
4,300,W,0,0,0,5,0,4,0,0,0,ongoing,-,0,-0.027973,-0.015167,-0.012853,-0.013481
4,301,B,0,1,0,1,0,0,0,0,0,ongoing,-,0,-0.028000,-0.015664,-0.013530,-0.012985
4,302,W,0,0,0,4,0,3,0,0,0,ongoing,-,0,-0.028027,-0.015051,-0.013031,-0.013659
4,303,B,0,0,0,1,1,0,0,0,0,ongoing,-,0,-0.028053,-0.015554,-0.013702,-0.013157
4,304,W,0,0,0,3,0,4,0,0,0,ongoing,-,0,-0.028080,-0.014947,-0.013197,-0.013824
4,305,B,0,0,1,0,2,0,0,0,0,ongoing,-,0,-0.027982,-0.015521,-0.013862,-0.013117
4,306,W,0,0,0,4,0,3,0,0,0,ongoing,-,0,-0.028134,-0.015000,-0.013153,-0.013826
4,307,B,0,0,2,0,3,0,0,0,0,ongoing,-,0,-0.028161,-0.015549,-0.013865,-0.013275
4,308,W,0,0,5,8,4,8,0,0,0,ongoing,-,0,-0.027938,-0.015034,-0.013312,-0.013584
4,309,B,0,0,0,0,0,2,0,0,0,ongoing,-,0,-0.028715,-0.017156,-0.013621,-0.012167
4,310,W,0,2,0,3,0,2,0,100,0,ongoing,-,0,0.006132,0.018959,-0.012244,-0.013501
4,311,B,0,2,0,0,0,2,0,100,0,ongoing,-,0,0.006355,0.018044,-0.012828,-0.012304
4,312,W,0,0,4,8,5,8,0,0,0,ongoing,-,0,-0.028547,-0.016337,-0.011637,-0.012853
4,313,B,0,0,3,0,2,0,0,0,0,ongoing,-,0,-0.028325,-0.016800,-0.012955,-0.012131
4,314,W,0,0,5,8,5,6,0,0,0,ongoing,-,0,-0.027727,-0.016216,-0.012214,-0.012118
4,315,B,0,0,0,2,0,0,0,0,0,ongoing,-,0,-0.028630,-0.017218,-0.012204,-0.012012
4,316,W,0,0,5,6,5,8,0,0,0,ongoing,-,0,-0.029032,-0.016011,-0.012121,-0.013707
4,317,B,0,0,5,0,4,0,0,0,0,ongoing,-,0,-0.074185,-0.058527,-0.013791,-0.016482
4,318,W,0,0,8,0,8,1,0,0,0,ongoing,-,0,-0.028338,-0.011535,-0.017373,-0.017688
4,319,B,0,0,2,0,3,0,0,0,0,ongoing,-,0,-0.028616,-0.012098,-0.017575,-0.017387
4,320,W,0,0,8,1,8,0,0,0,0,ongoing,-,0,-0.028644,-0.011635,-0.017281,-0.017904
4,321,B,0,0,0,0,1,0,0,0,0,ongoing,-,0,-0.028422,-0.012076,-0.017795,-0.017206
4,322,W,0,0,8,8,7,7,0,0,0,ongoing,-,0,-0.028325,-0.011976,-0.017095,-0.017209
4,323,B,0,0,1,0,2,0,0,0,0,ongoing,-,0,-0.028603,-0.012674,-0.017109,-0.016767
4,324,W,0,0,7,7,7,8,0,0,0,ongoing,-,0,-0.028881,-0.012252,-0.016681,-0.017505
4,325,B,0,1,2,0,3,0,0,0,0,ongoing,-,0,-0.028909,-0.012393,-0.017418,-0.017385
4,326,W,0,0,7,8,6,7,0,0,0,ongoing,-,0,-0.028812,-0.011797,-0.017287,-0.017911
4,327,B,0,0,3,0,1,0,0,0,0,ongoing,-,0,-0.028466,-0.012302,-0.017804,-0.017014
4,328,W,0,0,7,0,6,0,0,0,0,ongoing,-,0,-0.046994,-0.033604,-0.016907,-0.014095
4,329,B,0,0,1,0,0,0,0,0,0,ongoing,-,0,-0.028898,-0.015158,-0.014431,-0.014463
4,330,W,0,0,8,0,8,1,0,0,0,ongoing,-,0,-0.028676,-0.014918,-0.014479,-0.014483
4,331,B,0,0,0,0,1,0,0,0,0,ongoing,-,0,-0.028705,-0.015200,-0.014492,-0.014215
4,332,W,0,0,8,1,8,2,0,0,0,ongoing,-,0,-0.028859,-0.015145,-0.014231,-0.014436
4,333,B,0,0,4,0,3,1,0,0,0,ongoing,-,0,-0.077262,-0.061228,-0.014456,-0.016878
4,334,W,0,1,6,8,6,7,0,0,0,ongoing,-,0,-0.027916,-0.011967,-0.017794,-0.016789
4,335,B,0,0,3,0,4,0,0,0,0,ongoing,-,0,0.018180,0.033841,-0.016677,-0.016485
4,336,W,0,0,6,0,6,1,0,0,0,ongoing,-,0,-0.000599,0.011827,-0.015513,-0.013080
4,337,B,0,0,4,0,4,1,0,0,0,ongoing,-,0,0.018122,0.031856,-0.012553,-0.014457
4,338,W,0,0,6,1,5,2,0,0,0,ongoing,-,0,-0.008032,-0.000292,-0.013575,-0.008148
4,339,B,0,0,4,1,4,2,0,0,1,ongoing,-,0,0.216939,0.229330,-0.007876,-0.013043
4,340,W,0,1,5,2,4,2,0,0,1,ongoing,-,0,0.518534,0.524657,-0.007830,-0.006445
4,341,B,0,0,3,1,3,0,0,0,0,ongoing,-,0,-0.006000,-0.014787,0.004959,0.009250
4,342,W,0,1,6,7,5,8,0,0,0,ongoing,-,0,-0.029649,-0.033172,0.008807,0.003708
4,343,B,0,0,1,0,1,2,0,0,0,ongoing,-,0,-0.004929,-0.011918,0.002792,0.007357
4,344,W,0,1,5,8,6,8,0,0,0,ongoing,-,0,-0.029708,-0.031679,0.007036,0.002074
4,345,B,0,0,1,2,2,2,0,0,0,ongoing,-,0,0.015762,0.010471,0.001222,0.005569
4,346,W,0,1,4,2,2,2,0,0,0,ongoing,-,0,-0.008142,-0.012254,0.005773,0.004328
4,347,B,0,0,4,2,4,3,0,0,0,ongoing,-,0,0.003703,-0.000815,0.003902,0.004755
4,348,W,0,0,8,2,8,1,0,0,0,ongoing,-,0,-0.029327,-0.033831,0.004644,0.004742
4,349,B,0,0,4,3,5,3,0,0,0,ongoing,-,0,-0.069357,-0.072971,0.003821,0.003805
4,350,W,0,0,8,1,8,0,0,0,0,ongoing,-,0,-0.029512,-0.027075,0.001965,-0.002565
4,351,B,0,0,5,3,4,3,0,0,0,ongoing,-,0,0.030583,0.029745,-0.003202,0.000883
4,352,W,0,0,5,8,4,8,0,0,0,ongoing,-,0,-0.029197,-0.031143,0.001606,0.002049
4,353,B,0,0,4,3,3,2,0,0,0,ongoing,-,0,-0.012602,-0.013559,0.001263,0.001008
4,354,W,0,1,2,2,3,2,0,0,1,ongoing,-,0,0.121743,0.119855,0.000651,0.001988
4,355,B,0,0,3,0,4,0,0,0,0,ongoing,-,0,0.239963,0.236476,0.005030,0.003671
4,356,W,0,0,4,8,5,8,0,0,0,ongoing,-,0,-0.029817,-0.040082,0.009584,0.010805
4,357,B,0,0,2,2,2,3,0,0,0,ongoing,-,0,-0.000473,-0.008418,0.009542,0.008364
4,358,W,0,2,3,2,2,3,0,300,0,ongoing,-,0,-0.017253,-0.020978,0.007907,0.003921
4,359,B,0,0,3,2,2,2,0,0,1,ongoing,-,0,0.188341,0.191700,0.003264,-0.003536
4,360,W,0,1,2,3,2,2,0,0,1,ongoing,-,0,0.474061,0.470687,0.000230,0.003551
4,361,B,0,0,4,0,3,0,0,0,0,ongoing,-,0,0.240905,0.222288,0.012520,0.019597
4,362,W,0,0,8,0,8,1,0,0,0,ongoing,-,0,-0.029626,-0.047864,0.023888,0.019198
4,363,B,0,0,3,0,4,1,0,0,0,ongoing,-,0,-0.030406,-0.052279,0.017615,0.023023
4,364,W,0,0,8,1,8,0,0,0,0,ongoing,-,0,-0.029937,-0.045635,0.021479,0.016524
4,365,B,0,0,4,1,5,2,0,0,0,ongoing,-,0,-0.066468,-0.079451,0.015039,0.013666
4,366,W,0,0,8,0,8,1,0,0,0,ongoing,-,0,-0.029749,-0.038700,0.011710,0.009422
4,367,B,0,0,5,2,4,3,0,0,0,ongoing,-,0,-0.080280,-0.095844,0.008403,0.016383
4,368,W,0,0,5,8,5,6,0,0,0,ongoing,-,0,0.009689,-0.000336,0.014263,0.010552
4,369,B,0,0,4,3,5,2,0,0,0,ongoing,-,0,-0.019467,-0.028064,0.010228,0.009049
4,370,W,0,0,6,8,7,8,0,0,0,ongoing,-,0,-0.029749,-0.035907,0.008253,0.006482
4,371,B,0,0,5,2,6,2,0,0,0,ongoing,-,0,-0.038905,-0.044411,0.005585,0.005796
4,372,W,0,0,6,8,6,5,0,0,0,ongoing,-,0,0.050439,0.046167,0.004780,0.004497
4,373,B,0,0,6,2,6,1,0,0,0,ongoing,-,0,-0.034718,-0.041303,0.005317,0.006932
4,374,W,0,0,6,5,6,3,0,0,1,ongoing,-,0,0.213876,0.209948,0.005985,0.004135
4,375,B,0,0,6,1,5,2,0,0,0,ongoing,-,0,0.253844,0.238002,0.008173,0.016676
4,376,W,0,0,5,6,5,4,0,0,1,ongoing,-,0,0.194813,0.181876,0.021226,0.013617
4,377,B,0,2,5,2,6,3,0,350,0,ongoing,-,0,0.301656,0.278689,0.016997,0.024176
4,378,W,0,0,5,4,6,4,0,0,1,ongoing,-,0,0.159624,0.140674,0.029696,0.019947
4,379,B,0,2,6,3,6,4,0,300,0,ongoing,-,0,0.315467,0.293265,0.022160,0.023371
4,380,W,0,0,6,8,8,6,0,0,1,ongoing,-,0,0.188685,0.164443,0.028676,0.025519
4,381,B,0,0,6,4,6,3,0,0,0,ongoing,-,0,0.256653,0.226049,0.028112,0.032215
4,382,W,0,0,2,2,2,4,0,0,0,ongoing,-,0,-0.083879,-0.121119,0.035922,0.039201
4,383,B,0,0,2,2,2,3,0,0,1,ongoing,-,0,0.207589,0.177924,0.035912,0.031227
4,384,W,0,2,2,4,2,3,0,200,0,ongoing,-,0,0.311182,0.279822,0.034201,0.033010
4,385,B,0,0,6,3,5,3,0,0,0,ongoing,-,0,-0.008475,-0.048199,0.037850,0.041814
4,386,W,0,0,6,7,5,6,0,0,0,ongoing,-,0,-0.007508,-0.043318,0.040079,0.037696
4,387,B,0,0,5,3,4,2,0,0,0,ongoing,-,0,-0.002665,-0.040820,0.035966,0.040163
4,388,W,0,0,8,6,6,4,0,0,1,ongoing,-,0,0.188928,0.151625,0.038567,0.039266
4,389,B,0,0,4,2,4,3,0,0,0,ongoing,-,0,0.248145,0.200393,0.041729,0.050266
4,390,W,0,0,5,6,4,5,0,0,0,ongoing,-,0,0.014363,-0.031919,0.054062,0.048717
4,391,B,0,0,4,3,5,2,0,0,0,ongoing,-,0,-0.047170,-0.088354,0.046488,0.043351
4,392,W,0,0,4,5,5,4,0,0,0,ongoing,-,0,0.038297,0.005928,0.040262,0.034073
4,393,B,0,0,5,2,4,1,0,0,0,ongoing,-,0,0.008515,-0.027420,0.033376,0.037826
4,394,W,0,0,6,4,4,2,0,0,0,ongoing,-,0,0.031232,-0.001595,0.036618,0.034555
4,395,B,0,1,4,1,4,2,0,0,0,ongoing,-,0,0.062074,0.026041,0.033777,0.037929
4,396,W,0,0,8,1,8,2,0,0,0,ongoing,-,0,-0.030834,-0.068291,0.037766,0.039429
4,397,B,0,0,4,2,4,1,0,0,0,ongoing,-,0,-0.109742,-0.147334,0.036883,0.039570
4,398,W,0,0,5,4,4,3,0,0,0,ongoing,-,0,0.014100,-0.011719,0.034925,0.027177
4,399,B,0,0,4,1,5,0,0,0,0,ongoing,-,0,-0.060183,-0.087499,0.026143,0.028753
4,400,W,0,0,4,3,5,2,0,0,0,ongoing,-,0,0.038033,0.019303,0.026373,0.019716
4,401,B,0,0,5,0,4,0,0,0,0,ongoing,-,0,-0.005875,-0.033833,0.019578,0.029429
4,402,W,0,0,4,2,3,1,0,0,1,ongoing,-,0,0.129717,0.111140,0.028369,0.019554
4,403,B,0,1,4,0,3,1,0,0,0,ongoing,-,0,0.321808,0.295468,0.021245,0.027726
4,404,W,0,0,5,2,4,1,0,0,0,ongoing,-,0,0.022900,-0.010085,0.033217,0.034720
4,405,B,0,0,3,1,2,1,0,0,0,ongoing,-,0,-0.082134,-0.120965,0.033674,0.040875
4,406,W,0,0,3,1,2,0,0,0,0,ongoing,-,0,0.007583,-0.020861,0.036564,0.029940
4,407,B,0,0,2,1,1,0,0,0,0,ongoing,-,0,-0.035951,-0.061291,0.028371,0.026674
4,408,W,0,0,2,0,1,1,0,0,0,ongoing,-,0,0.007890,-0.010913,0.024535,0.019792
4,409,B,0,1,1,0,1,1,0,0,0,ongoing,-,0,0.077731,0.056766,0.019027,0.022068
4,410,W,0,0,4,1,3,0,0,0,0,ongoing,-,0,-0.010553,-0.034478,0.022848,0.025184
4,411,B,0,0,1,1,1,0,0,0,0,ongoing,-,0,-0.138212,-0.161920,0.023845,0.024956
4,412,W,0,0,1,1,3,3,0,0,0,ongoing,-,0,-0.062996,-0.077104,0.020335,0.014851
4,413,B,0,0,1,0,0,1,0,0,0,ongoing,-,0,-0.016530,-0.030708,0.012738,0.014924
4,414,W,0,0,3,3,1,1,0,0,0,ongoing,-,0,0.030186,0.018559,0.014043,0.012239
4,415,B,0,1,0,1,1,1,0,0,0,ongoing,-,0,0.058527,0.045799,0.012333,0.013398
4,416,W,0,0,3,0,3,1,0,0,0,ongoing,-,0,0.012743,-0.003633,0.014111,0.017238
4,417,B,0,0,1,1,0,1,0,0,0,ongoing,-,0,-0.107792,-0.125217,0.016821,0.018342
4,418,W,0,0,7,8,6,8,0,0,0,ongoing,-,0,-0.031576,-0.040930,0.014676,0.009845
4,419,B,0,1,0,1,1,1,0,0,0,ongoing,-,0,0.058639,0.047623,0.008587,0.011596
4,420,W,0,0,6,8,6,7,0,0,0,ongoing,-,0,-0.031395,-0.043693,0.012460,0.012945
4,421,B,0,0,1,1,0,1,0,0,0,ongoing,-,0,-0.107930,-0.120097,0.011530,0.012808
4,422,W,0,0,2,3,2,2,0,0,0,ongoing,-,0,-0.031965,-0.038304,0.009398,0.006673
4,423,B,0,1,0,1,1,1,0,0,1,ongoing,-,0,0.230376,0.226077,0.005515,0.004525
4,424,W,0,0,2,2,3,2,0,0,0,ongoing,-,0,-0.006000,-0.017250,0.009768,0.011842
4,425,B,0,1,1,1,3,1,0,0,1,ongoing,-,0,0.111306,0.099308,0.011155,0.012629
4,426,W,0,0,3,2,4,3,0,0,0,ongoing,-,0,-0.006000,-0.019601,0.015099,0.014317
4,427,B,0,0,3,1,4,1,0,0,0,ongoing,-,0,-0.044139,-0.058948,0.013344,0.015588
4,428,W,0,0,3,1,4,0,0,0,1,ongoing,-,0,0.148826,0.138177,0.013614,0.011209
4,429,B,0,2,4,1,4,0,0,400,0,ongoing,-,0,0.279916,0.270458,0.014570,0.009955
4,430,W,0,0,1,1,2,2,0,0,1,ongoing,-,0,0.187380,0.171607,0.015668,0.016604
4,431,B,0,0,4,0,5,1,0,0,0,ongoing,-,0,0.262095,0.239682,0.019995,0.023592
4,432,W,0,0,2,2,1,3,0,0,0,ongoing,-,0,-0.051315,-0.077137,0.028400,0.027181
4,433,B,0,0,5,1,6,2,0,0,0,ongoing,-,0,-0.044101,-0.068398,0.024718,0.025576
4,434,W,0,0,1,3,0,2,0,0,0,ongoing,-,0,-0.032386,-0.053389,0.023383,0.022108
4,435,B,0,0,6,2,6,3,0,0,0,ongoing,-,0,-0.021297,-0.042278,0.020299,0.022085
4,436,W,0,0,8,2,8,3,0,0,0,ongoing,-,0,-0.009208,-0.028793,0.020579,0.020617
4,437,B,0,0,6,3,6,2,0,0,0,ongoing,-,0,-0.059118,-0.075771,0.019355,0.017529
4,438,W,0,0,4,3,4,2,0,0,0,ongoing,-,0,-0.027404,-0.043437,0.015231,0.016877
4,439,B,0,0,6,2,6,1,0,0,0,ongoing,-,0,-0.059190,-0.072135,0.015458,0.013627
4,440,W,0,0,8,3,8,2,0,0,0,ongoing,-,0,-0.009351,-0.020520,0.011517,0.011757
4,441,B,0,0,6,1,5,0,0,0,0,ongoing,-,0,-0.032762,-0.042342,0.011019,0.010084
4,442,W,0,0,0,2,2,0,0,0,0,ongoing,-,0,-0.009548,-0.018138,0.008854,0.009043
4,443,B,0,0,5,0,6,1,0,0,0,ongoing,-,0,-0.032084,-0.040466,0.008420,0.008824
4,444,W,0,0,4,2,4,1,0,0,0,ongoing,-,0,-0.027495,-0.036187,0.007691,0.009150
4,445,B,0,0,6,1,7,0,0,0,0,ongoing,-,0,-0.105656,-0.110902,0.008082,0.005522
4,446,W,0,0,2,0,4,2,0,0,0,ongoing,-,0,0.006933,0.004581,0.002729,0.002475
4,447,B,0,0,7,0,7,1,0,0,0,ongoing,-,0,-0.016104,-0.021339,0.002515,0.005510
4,448,W,0,0,4,2,5,3,0,0,1,ongoing,-,0,0.167360,0.164444,0.004983,0.003069
4,449,B,0,0,7,1,6,0,0,0,0,ongoing,-,0,0.276698,0.269367,0.006706,0.007717
4,450,W,0,0,5,3,7,1,0,0,1,ongoing,-,0,0.157912,0.145609,0.013580,0.012950
4,451,B,0,2,6,0,7,1,0,300,0,ongoing,-,0,0.264250,0.249184,0.016086,0.015859
4,452,W,0,0,8,2,8,1,0,0,0,ongoing,-,0,0.014213,-0.003873,0.021339,0.019038
4,453,B,0,0,7,1,6,0,0,0,0,ongoing,-,0,0.024677,0.006106,0.018462,0.019548
4,454,W,0,0,8,1,8,0,0,0,0,ongoing,-,0,-0.004985,-0.023247,0.019271,0.019222
4,455,B,0,0,6,0,6,1,0,0,0,ongoing,-,0,-0.021647,-0.041025,0.018225,0.020398
4,456,W,0,0,8,0,8,1,0,0,0,ongoing,-,0,-0.009809,-0.027963,0.018942,0.019109
4,457,B,0,0,6,1,6,2,0,0,0,ongoing,-,0,-0.059846,-0.075303,0.017887,0.016270
4,458,W,0,0,8,1,8,2,0,0,0,ongoing,-,0,-0.005008,-0.018302,0.013971,0.013993
4,459,B,0,0,6,2,7,1,0,0,0,ongoing,-,0,-0.220795,-0.232711,0.013232,0.012542
4,460,W,0,0,8,2,8,3,0,0,0,ongoing,-,0,-0.020083,-0.025972,0.006709,0.006199
4,461,B,0,0,7,1,6,0,0,0,0,ongoing,-,0,-0.005620,-0.011065,0.005445,0.005731
4,462,W,0,0,4,1,4,0,0,0,0,ongoing,-,0,-0.011532,-0.016897,0.005358,0.005647
4,463,B,0,0,6,0,6,1,0,0,0,ongoing,-,0,-0.040820,-0.045512,0.005109,0.004939
4,464,W,0,0,8,3,8,2,0,0,0,ongoing,-,0,-0.010232,-0.013777,0.003714,0.003731
4,465,B,0,0,6,1,6,0,0,0,0,ongoing,-,0,-0.005645,-0.008617,0.003318,0.003129
4,466,W,0,0,8,2,8,1,0,0,0,ongoing,-,0,-0.010308,-0.013176,0.002839,0.003020
4,467,B,0,0,6,0,6,1,0,0,0,ongoing,-,0,-0.040970,-0.043967,0.002621,0.003155
4,468,W,0,0,8,1,8,2,0,0,0,ongoing,-,0,-0.191383,-0.191341,0.001989,-0.000044
4,469,B,0,0,6,1,7,2,0,0,0,ongoing,-,0,-0.090296,-0.088233,-0.004765,-0.002171
4,470,W,0,0,8,2,8,1,0,0,0,ongoing,-,0,-0.060459,-0.054352,-0.004254,-0.006428
4,471,B,0,0,7,2,6,2,0,0,0,ongoing,-,0,0.010378,0.016990,-0.007560,-0.006959
4,472,W,0,0,8,1,8,2,0,0,0,ongoing,-,0,-0.005535,0.000823,-0.006425,-0.006692
4,473,B,0,0,6,2,6,1,0,0,0,ongoing,-,0,-0.022698,-0.017017,-0.006529,-0.005980
4,474,W,0,0,8,2,8,1,0,0,0,ongoing,-,0,-0.005611,0.000379,-0.006219,-0.006306
4,475,B,0,0,6,1,6,0,0,0,0,ongoing,-,0,-0.006024,0.000132,-0.006147,-0.006480
4,476,W,0,0,8,1,8,2,0,0,0,ongoing,-,0,-0.036687,-0.030751,-0.006325,-0.006249
4,477,B,0,0,6,0,7,0,0,0,0,ongoing,-,0,-0.079601,-0.072604,-0.006866,-0.007365
4,478,W,0,0,8,2,8,1,0,0,0,ongoing,-,0,-0.006764,0.002001,-0.008951,-0.009227
4,479,B,0,0,7,0,6,1,0,0,0,ongoing,-,0,-0.161678,-0.152066,-0.008975,-0.010117
4,480,W,0,0,6,7,5,8,0,0,0,ongoing,-,0,-0.034091,-0.022792,-0.013492,-0.011895
4,481,B,0,0,6,1,6,0,0,0,0,ongoing,-,0,-0.006255,0.005602,-0.012125,-0.012481
4,482,W,0,0,8,1,8,0,0,0,0,ongoing,-,0,-0.011044,0.000628,-0.012042,-0.012286
4,483,B,0,0,6,0,6,1,0,0,0,ongoing,-,0,-0.041582,-0.030665,-0.011964,-0.011492
4,484,W,0,0,4,0,3,1,0,0,0,ongoing,-,0,-0.071371,-0.060000,-0.011956,-0.011970
4,485,B,0,0,6,1,6,2,0,0,0,ongoing,-,0,-0.042035,-0.029395,-0.013085,-0.013305
4,486,W,0,0,8,0,8,1,0,0,0,ongoing,-,0,-0.005949,0.006834,-0.013675,-0.013456
4,487,B,0,0,6,2,6,1,0,0,0,ongoing,-,0,-0.018113,-0.005981,-0.013000,-0.012770
4,488,W,0,0,3,1,4,0,0,0,0,ongoing,-,0,-0.198777,-0.184118,-0.012608,-0.015430
4,489,B,0,0,6,1,5,2,0,0,0,ongoing,-,0,-0.034191,-0.017891,-0.019543,-0.017158
4,490,W,0,0,8,1,8,2,0,0,0,ongoing,-,0,-0.011231,0.005126,-0.017118,-0.017218
4,491,B,0,0,5,2,4,2,0,0,0,ongoing,-,0,-0.023395,-0.007786,-0.016677,-0.016431
4,492,W,0,0,8,2,8,1,0,0,0,ongoing,-,0,-0.034309,-0.018820,-0.016205,-0.016304
4,493,B,0,0,4,2,3,2,0,0,0,ongoing,-,0,-0.061224,-0.045468,-0.016375,-0.016585
4,494,W,0,0,4,0,3,0,0,0,0,ongoing,-,0,-0.029513,-0.013138,-0.017327,-0.017237
4,495,B,0,0,3,2,2,2,0,0,0,ongoing,-,0,-0.061303,-0.044864,-0.017130,-0.017304
4,496,W,0,0,3,0,2,0,0,0,0,ongoing,-,0,-0.029592,-0.012532,-0.018012,-0.017959
4,497,B,0,0,2,2,1,2,0,0,0,ongoing,-,0,-0.061382,-0.044322,-0.017819,-0.017958
4,498,W,0,0,2,0,1,0,0,0,0,ongoing,-,0,-0.029672,-0.011987,-0.018637,-0.018616
4,499,B,0,0,1,2,0,2,0,0,0,ongoing,-,0,-0.061837,-0.043608,-0.018445,-0.019188
4,500,W,0,0,1,0,0,0,0,0,0,ongoing,-,0,-0.012877,0.006310,-0.019833,-0.020197
4,501,B,0,0,0,2,1,2,0,0,0,ongoing,-,0,-0.042292,-0.024288,-0.019539,-0.018951
4,502,W,0,0,8,1,8,0,0,0,0,ongoing,-,0,-0.034832,-0.016312,-0.019071,-0.019494
4,503,B,0,0,1,2,0,2,0,0,0,ongoing,-,0,-0.013122,0.005747,-0.019426,-0.019862
4,504,W,0,0,0,0,1,0,0,0,0,ongoing,-,0,-0.042537,-0.024550,-0.019226,-0.018933
4,505,B,0,0,0,2,1,2,0,0,0,ongoing,-,0,-0.029577,-0.012117,-0.019068,-0.018380
4,506,W,0,0,5,8,4,8,0,0,0,ongoing,-,0,-0.034867,-0.017428,-0.018200,-0.018357
4,507,B,0,0,1,2,0,2,0,0,0,ongoing,-,0,-0.062158,-0.044067,-0.018336,-0.019043
4,508,W,0,0,4,8,5,8,0,0,0,ongoing,-,0,-0.184948,-0.163999,-0.019708,-0.022051
4,509,B,0,0,0,2,1,3,0,0,0,ongoing,-,0,-0.072364,-0.050699,-0.025632,-0.022805
4,510,W,0,0,5,8,4,8,0,0,0,ongoing,-,0,-0.035029,-0.012646,-0.023403,-0.023561
4,511,B,0,0,1,3,0,3,0,0,0,ongoing,-,0,-0.043445,-0.020852,-0.023304,-0.023782
4,512,W,0,0,1,0,0,0,0,0,0,ongoing,-,0,-0.013361,0.009651,-0.023725,-0.024223
4,513,B,0,0,0,3,0,4,0,0,0,ongoing,-,0,-0.043151,-0.020961,-0.023443,-0.023358
4,514,W,0,0,0,0,0,1,0,0,0,ongoing,-,0,-0.012942,0.008951,-0.023300,-0.023046
4,515,B,0,0,0,4,0,5,0,0,0,ongoing,-,0,-0.043233,-0.022020,-0.022290,-0.022329
4,516,W,0,0,0,1,1,0,0,0,0,ongoing,-,0,-0.045274,-0.024289,-0.022323,-0.022090
4,517,B,0,0,0,5,1,4,0,0,0,ongoing,-,0,-0.004940,0.015787,-0.022133,-0.021818
4,518,W,0,0,4,8,4,7,0,0,0,ongoing,-,0,-0.035106,-0.015428,-0.020980,-0.020714
4,519,B,0,0,1,4,1,3,0,0,0,ongoing,-,0,-0.013397,0.006223,-0.020585,-0.020653
4,520,W,0,0,4,7,3,8,0,0,0,ongoing,-,0,-0.035689,-0.016224,-0.020020,-0.020489
4,521,B,0,0,1,3,0,3,0,0,0,ongoing,-,0,-0.043855,-0.023963,-0.020398,-0.020939
4,522,W,0,0,1,0,0,0,0,0,0,ongoing,-,0,-0.013771,0.006614,-0.021023,-0.021459
4,523,B,0,0,0,3,0,4,0,0,0,ongoing,-,0,-0.043563,-0.023825,-0.020805,-0.020777
4,524,W,0,0,0,0,0,1,0,0,0,ongoing,-,0,-0.013354,0.006155,-0.020848,-0.020536
4,525,B,0,0,0,4,0,5,0,0,0,ongoing,-,0,-0.043646,-0.024659,-0.019895,-0.019986
4,526,W,0,0,0,1,0,2,0,0,0,ongoing,-,0,-0.013687,0.005399,-0.020099,-0.020091
4,527,B,0,0,0,5,0,6,0,0,0,ongoing,-,0,-0.043729,-0.025124,-0.019485,-0.019584
4,528,W,0,0,0,2,0,3,0,0,0,ongoing,-,0,-0.013771,0.004945,-0.019718,-0.019701
4,529,B,0,0,0,6,0,7,0,0,0,ongoing,-,0,-0.043813,-0.025553,-0.019113,-0.019220
4,530,W,0,0,0,3,0,2,0,0,0,ongoing,-,0,-0.035855,-0.017498,-0.019374,-0.019322
4,531,B,0,0,0,7,1,6,0,0,0,ongoing,-,0,-0.035522,-0.017686,-0.019279,-0.018775
4,532,W,0,0,3,8,2,8,0,0,0,ongoing,-,0,0.011061,0.029119,-0.018738,-0.019008
4,533,B,0,0,1,6,0,5,0,0,0,ongoing,-,0,-0.003231,0.014138,-0.017906,-0.018283
4,534,W,0,0,0,2,0,3,0,0,0,ongoing,-,0,-0.048273,-0.031714,-0.017530,-0.017430
4,535,B,0,0,0,5,1,5,0,0,0,ongoing,-,0,-0.043690,-0.027269,-0.017786,-0.017285
4,536,W,0,0,2,8,2,7,0,0,0,ongoing,-,0,0.006142,0.022695,-0.017533,-0.017424
4,537,B,0,0,1,5,0,5,0,0,0,ongoing,-,0,-0.008400,0.007590,-0.016392,-0.016831
4,538,W,0,0,2,7,2,6,0,0,0,ongoing,-,0,0.005808,0.021238,-0.016202,-0.016243
4,539,B,0,0,0,5,1,5,0,0,0,ongoing,-,0,-0.079860,-0.066648,-0.015235,-0.013907
4,540,W,0,0,2,6,2,5,0,0,1,ongoing,-,0,0.171723,0.187204,-0.015351,-0.016297
4,541,B,0,1,1,5,2,5,0,0,1,ongoing,-,0,0.447305,0.458114,-0.010746,-0.011377
4,542,W,0,0,0,3,0,4,0,0,0,ongoing,-,0,0.233387,0.231530,0.000210,0.001955
4,543,B,0,0,2,5,0,7,0,0,0,ongoing,-,0,-0.117905,-0.123756,0.007780,0.006158
4,544,W,0,0,2,5,1,6,0,0,1,ongoing,-,0,0.173552,0.171341,0.002753,0.002327
4,545,B,0,2,0,7,1,6,0,200,0,ongoing,-,0,0.303634,0.296972,0.006519,0.007012
4,546,W,0,0,0,4,1,4,0,0,0,ongoing,-,0,-0.031284,-0.046413,0.014255,0.015925
4,547,B,0,0,1,6,0,6,0,0,0,ongoing,-,0,-0.063827,-0.075680,0.014287,0.012477
4,548,W,0,0,1,4,1,3,0,0,0,ongoing,-,0,-0.082370,-0.090739,0.010044,0.008810
4,549,B,0,0,0,6,1,6,0,0,0,ongoing,-,0,-0.014288,-0.021331,0.006347,0.007413
4,550,W,0,0,8,0,8,1,0,0,0,ongoing,-,0,-0.036582,-0.043159,0.006735,0.006923
4,551,B,0,0,1,6,0,6,0,0,0,ongoing,-,0,-0.045125,-0.049290,0.005674,0.004384
4,552,W,0,0,1,3,0,3,0,0,0,ongoing,-,0,-0.015168,-0.018142,0.003035,0.003130
4,553,B,0,0,0,6,0,7,0,0,0,ongoing,-,0,-0.044837,-0.046735,0.002610,0.001998
4,554,W,0,0,0,3,1,2,0,0,0,ongoing,-,0,-0.046505,-0.047133,0.000785,0.000661
4,555,B,0,0,0,7,1,6,0,0,0,ongoing,-,0,-0.006549,-0.007205,-0.000452,0.000690
4,556,W,0,0,1,2,0,3,0,0,0,ongoing,-,0,-0.037343,-0.037265,0.000533,-0.000082
4,557,B,0,0,1,6,0,6,0,0,0,ongoing,-,0,-0.015386,-0.014352,-0.000998,-0.001088
4,558,W,0,0,8,1,8,0,0,0,0,ongoing,-,0,-0.037180,-0.035653,-0.001418,-0.001607
4,559,B,0,0,0,6,0,7,0,0,0,ongoing,-,0,-0.045099,-0.042307,-0.002472,-0.002939
4,560,W,0,0,0,3,0,4,0,0,0,ongoing,-,0,-0.015143,-0.011783,-0.003925,-0.003536
4,561,B,0,0,0,7,0,6,0,0,0,ongoing,-,0,-0.049437,-0.046826,-0.003731,-0.002748
4,562,W,0,0,8,0,8,1,0,0,0,ongoing,-,0,-0.037106,-0.033606,-0.003865,-0.003684
4,563,B,0,0,0,6,1,6,0,0,0,ongoing,-,0,-0.044900,-0.040791,-0.004506,-0.004325
4,564,W,0,0,0,4,0,3,0,0,0,ongoing,-,0,-0.233069,-0.224591,-0.005307,-0.008924
4,565,B,0,0,1,6,0,5,0,0,0,ongoing,-,0,-0.047988,-0.036971,-0.014392,-0.011597
4,566,W,0,0,8,1,8,0,0,0,0,ongoing,-,0,-0.037533,-0.025785,-0.012171,-0.012365
4,567,B,0,0,0,5,1,5,0,0,0,ongoing,-,0,-0.045077,-0.033352,-0.012744,-0.012342
4,568,W,0,0,0,3,1,3,0,0,0,ongoing,-,0,-0.032246,-0.020715,-0.012902,-0.012138
4,569,B,0,0,1,5,0,5,0,0,0,ongoing,-,0,-0.064791,-0.052112,-0.012355,-0.013346
4,570,W,0,0,1,3,2,4,0,0,0,ongoing,-,0,-0.037585,-0.023980,-0.014448,-0.014321
4,571,B,0,0,0,5,0,4,0,0,0,ongoing,-,0,-0.032755,-0.018960,-0.014575,-0.014521
4,572,W,0,0,8,0,8,1,0,0,0,ongoing,-,0,-0.037550,-0.023961,-0.014643,-0.014304
4,573,B,0,0,0,4,0,3,0,0,0,ongoing,-,0,-0.064594,-0.050282,-0.014576,-0.015065
4,574,W,0,0,2,4,3,4,0,0,0,ongoing,-,0,-0.083514,-0.068195,-0.016060,-0.016126
4,575,B,0,0,0,3,0,4,0,0,0,ongoing,-,0,-0.015809,0.000918,-0.017442,-0.017607
4,576,W,0,0,8,1,8,0,0,0,0,ongoing,-,0,-0.037979,-0.021663,-0.017143,-0.017174
4,577,B,0,0,0,4,0,3,0,0,0,ongoing,-,0,-0.045899,-0.029190,-0.017291,-0.017589
4,578,W,0,0,3,4,4,4,0,0,0,ongoing,-,0,-0.042944,-0.026045,-0.017891,-0.017788
4,579,B,0,0,0,3,1,4,0,0,0,ongoing,-,0,-0.010614,0.005958,-0.017988,-0.017444
4,580,W,0,0,8,0,8,1,0,0,0,ongoing,-,0,-0.037910,-0.022069,-0.016848,-0.016675
4,581,B,0,0,1,4,0,4,0,0,0,ongoing,-,0,-0.046455,-0.029703,-0.016810,-0.017634
4,582,W,0,0,4,4,3,4,0,0,0,ongoing,-,0,-0.016125,0.000683,-0.017962,-0.017693
4,583,B,0,0,0,4,0,3,0,0,0,ongoing,-,0,-0.046171,-0.029479,-0.017218,-0.017570
4,584,W,0,0,3,4,3,3,0,0,0,ongoing,-,0,-0.016216,0.000515,-0.017883,-0.017612
4,585,B,0,0,0,3,0,2,0,0,0,ongoing,-,0,-0.046262,-0.029641,-0.017142,-0.017496
4,586,W,0,0,3,3,3,2,0,0,0,ongoing,-,0,-0.016308,0.000358,-0.017816,-0.017543
4,587,B,0,0,0,2,0,1,0,0,0,ongoing,-,0,-0.046353,-0.029792,-0.017077,-0.017433
4,588,W,0,0,3,2,3,1,0,0,0,ongoing,-,0,-0.016399,0.000211,-0.017760,-0.017485
4,589,B,0,0,0,1,0,0,0,0,0,ongoing,-,0,-0.046695,-0.029779,-0.017023,-0.017806
4,590,W,0,0,3,1,3,0,0,0,0,ongoing,-,0,-0.016866,0.000600,-0.018134,-0.018385
4,591,B,0,0,0,0,0,1,0,0,0,ongoing,-,0,-0.046287,-0.029394,-0.017902,-0.017782
4,592,W,0,0,8,1,8,0,0,0,0,ongoing,-,0,-0.038708,-0.021346,-0.018078,-0.018276
4,593,B,0,0,0,1,1,0,0,0,0,ongoing,-,0,-0.048879,-0.031655,-0.018359,-0.018130
4,594,W,0,0,3,0,4,0,0,0,0,ongoing,-,0,-0.084425,-0.066680,-0.018480,-0.018679
4,595,B,0,0,1,0,0,0,0,0,0,ongoing,-,0,-0.046971,-0.027494,-0.019980,-0.020502
4,596,W,0,0,4,0,3,0,0,0,0,ongoing,-,0,-0.016767,0.002775,-0.020697,-0.020571
4,597,B,0,0,0,0,1,1,0,0,0,ongoing,-,0,-0.052439,-0.034363,-0.019961,-0.019028
4,598,W,0,0,3,0,3,1,0,0,0,ongoing,-,0,-0.033610,-0.015646,-0.019410,-0.018910
4,599,B,0,0,1,1,1,0,0,0,0,ongoing,-,0,-0.066157,-0.047586,-0.018802,-0.019548
4,600,W,0,0,3,1,4,2,0,0,0,ongoing,-,1,-1.089703,-1.089703,-0.020374,0.000000
5,1,B,0,0,3,2,4,3,0,0,0,ongoing,-,0,0.002000,-0.052691,0.057626,0.057569
5,2,W,1,0,-1,-1,5,7,5,0,0,ongoing,-,0,-0.023007,-0.073526,0.053829,0.053179
5,3,B,1,0,-1,-1,4,3,12,0,0,ongoing,-,0,0.014987,-0.031943,0.048811,0.049399
5,4,W,0,0,3,6,4,5,0,0,0,ongoing,-,0,0.037980,-0.005455,0.046630,0.045721
5,5,B,0,2,4,3,4,7,0,250,0,ongoing,-,0,0.075223,0.033757,0.043934,0.043648
5,6,W,0,2,3,8,3,0,0,600,1,ongoing,-,0,0.355966,0.343015,0.043290,0.013633
5,7,B,0,1,4,0,3,0,0,0,0,ongoing,-,0,-0.006000,-0.057930,0.021974,0.054663
5,8,W,1,0,-1,-1,3,1,10,0,0,ongoing,-,0,0.102952,0.056396,0.052578,0.049006
5,9,B,1,0,-1,-1,4,7,10,0,1,ongoing,-,0,0.292945,0.275109,0.049143,0.018774
5,10,W,2,0,-1,-1,-1,-1,0,0,0,resigned,B,0,-1.873063,-1.873063,0.025850,0.000000
6,1,B,0,0,3,2,4,3,0,0,0,ongoing,-,0,0.002000,-0.009349,0.012004,0.011947
6,2,W,0,0,3,6,4,5,0,0,0,ongoing,-,0,0.037993,0.028921,0.011223,0.009550
6,3,B,1,0,-1,-1,4,3,12,0,0,ongoing,-,0,0.014987,0.008940,0.010157,0.006364
6,4,W,0,2,3,8,3,0,0,600,1,ongoing,-,0,0.355980,0.378528,0.006322,-0.023735
6,5,B,0,2,4,0,3,0,0,900,0,ongoing,-,0,0.408848,0.385795,-0.014272,0.024266
6,6,W,1,0,-1,-1,4,5,12,0,0,ongoing,-,0,0.014966,-0.014716,0.034094,0.031244
6,7,B,0,2,4,3,4,7,0,250,0,ongoing,-,0,0.075209,0.046081,0.029570,0.030661
6,8,W,1,0,-1,-1,7,7,7,0,0,ongoing,-,0,-0.023048,-0.044428,0.031231,0.022504
6,9,B,1,0,-1,-1,3,7,10,0,1,ongoing,-,0,0.293945,0.299523,0.019751,-0.005872
6,10,W,0,2,2,6,3,7,0,500,0,ongoing,-,0,0.356812,0.327567,0.001582,0.030785
6,11,B,1,0,-1,-1,4,7,10,0,1,ongoing,-,0,0.292930,0.284864,0.039480,0.008491
6,12,W,2,0,-1,-1,-1,-1,0,0,0,resigned,B,0,-1.873077,-1.873077,0.014975,0.000000
7,1,B,0,0,3,2,4,3,0,0,0,ongoing,-,0,0.002000,-0.009669,0.012340,0.012283
7,2,W,1,0,-1,-1,6,7,12,0,0,ongoing,-,0,-0.023007,-0.032369,0.011537,0.009855
7,3,B,1,0,-1,-1,6,3,4,0,0,ongoing,-,0,-0.023013,-0.032450,0.008349,0.009933
7,4,W,0,2,6,7,6,3,0,300,0,ongoing,-,0,0.039480,0.033057,0.008533,0.006761
7,5,B,0,2,6,1,6,3,0,350,0,ongoing,-,0,0.040723,0.031943,0.007602,0.009242
7,6,W,0,0,3,6,4,5,0,0,0,ongoing,-,0,0.037966,0.029992,0.010077,0.008393
7,7,B,0,0,6,3,5,5,0,0,0,ongoing,-,0,0.037959,0.032606,0.009076,0.005634
7,8,W,0,2,3,8,3,0,0,600,1,ongoing,-,0,0.355952,0.389001,0.006451,-0.034789
7,9,B,0,2,4,0,3,0,0,900,0,ongoing,-,0,0.408820,0.385639,-0.024723,0.024401
7,10,W,0,2,5,6,5,5,0,350,0,ongoing,-,0,0.040687,0.008988,0.034643,0.033368
7,11,B,0,1,3,0,2,1,0,0,0,ongoing,-,0,-0.023070,-0.053878,0.032488,0.032430
7,12,W,0,1,6,7,5,5,0,0,0,ongoing,-,0,0.014923,-0.012983,0.029430,0.029375
7,13,B,0,0,5,0,3,0,0,0,0,ongoing,-,0,0.032915,0.007724,0.027902,0.026517
7,14,W,1,0,-1,-1,1,5,10,0,0,ongoing,-,0,-0.023092,-0.046312,0.025816,0.024442
7,15,B,0,0,3,0,3,8,0,0,1,ongoing,-,0,0.280900,0.297736,0.021904,-0.017722
7,16,W,0,2,4,8,3,8,0,900,0,ongoing,-,0,0.408767,0.375348,-0.010707,0.035178
7,17,B,1,0,-1,-1,4,3,12,0,0,ongoing,-,0,0.014885,-0.025617,0.044659,0.042633
7,18,W,0,2,5,5,4,3,0,700,0,ongoing,-,0,0.089377,0.048372,0.040228,0.043163
7,19,B,0,2,4,2,4,3,0,350,0,ongoing,-,0,0.045619,0.006115,0.043438,0.041583
7,20,W,0,0,3,8,4,8,0,0,0,ongoing,-,0,-0.023139,-0.061021,0.040326,0.039876
7,21,B,0,0,4,3,4,4,0,0,0,ongoing,-,0,0.001853,-0.032989,0.036371,0.036676
7,22,W,0,1,2,7,1,5,0,0,0,ongoing,-,0,0.032845,0.001842,0.034277,0.032635
7,23,B,1,0,-1,-1,2,3,7,0,0,ongoing,-,0,-0.023163,-0.052398,0.031500,0.030774
7,24,W,0,1,1,5,2,3,0,0,1,ongoing,-,0,0.287829,0.298199,0.027836,-0.010915
7,25,B,0,1,2,1,2,2,0,0,0,ongoing,-,0,-0.006000,-0.035766,-0.004043,0.031333
7,26,W,1,0,-1,-1,2,3,10,0,1,ongoing,-,0,0.267812,0.272737,0.030467,-0.005184
7,27,B,0,1,2,2,4,4,0,0,0,ongoing,-,0,-0.006000,-0.041580,0.001418,0.037453
7,28,W,0,1,1,7,2,6,0,0,1,ongoing,-,0,0.269796,0.270047,0.036280,-0.000265
7,29,B,0,2,4,4,5,5,0,350,0,ongoing,-,0,0.321912,0.276424,0.006084,0.047882
7,30,W,1,0,-1,-1,6,5,4,0,1,ongoing,-,0,0.291779,0.279628,0.055237,0.012790
7,31,B,0,1,5,5,6,6,0,0,1,ongoing,-,0,0.560270,0.542897,0.018891,0.018287
7,32,W,0,1,4,8,4,7,0,0,0,ongoing,-,0,0.243511,0.166279,0.032436,0.081297
7,33,B,1,0,-1,-1,4,4,13,0,1,ongoing,-,0,0.248753,0.213244,0.085990,0.037377
7,34,W,0,1,2,6,4,4,0,0,1,ongoing,-,0,0.519744,0.480799,0.041951,0.040995
7,35,B,1,0,-1,-1,5,5,5,0,0,ongoing,-,0,0.268735,0.163717,0.056464,0.110545
7,36,W,1,0,-1,-1,7,7,3,0,1,ongoing,-,0,0.254726,0.199377,0.114351,0.058262
7,37,B,0,1,6,6,7,7,0,0,1,ongoing,-,0,0.495467,0.429610,0.061280,0.069323
7,38,W,0,0,5,8,6,7,0,0,0,ongoing,-,0,0.304833,0.190630,0.081395,0.120213
7,39,B,1,0,-1,-1,5,7,3,0,0,ongoing,-,0,0.081699,-0.044999,0.123488,0.133366
7,40,W,0,2,6,6,5,7,0,250,0,ongoing,-,0,0.045939,-0.065268,0.126721,0.117061
7,41,B,1,0,-1,-1,3,7,3,0,0,ongoing,-,0,0.069680,-0.032664,0.109494,0.107730
7,42,W,1,0,-1,-1,8,7,7,0,0,ongoing,-,0,0.035671,-0.058400,0.102380,0.099021
7,43,B,1,0,-1,-1,3,7,10,0,1,ongoing,-,0,0.248661,0.198276,0.092220,0.053037
7,44,W,0,2,4,7,3,7,0,750,0,ongoing,-,0,0.405402,0.320323,0.056984,0.089556
7,45,B,1,0,-1,-1,2,7,10,0,1,ongoing,-,0,0.327642,0.278283,0.096747,0.051957
7,46,W,0,0,3,7,4,8,0,0,0,ongoing,-,0,-0.006000,-0.094307,0.056334,0.092955
7,47,B,1,0,-1,-1,3,7,8,0,1,ongoing,-,0,0.257498,0.224818,0.088879,0.034400
7,48,W,0,2,2,6,3,7,0,400,0,ongoing,-,0,0.322863,0.248309,0.037707,0.078477
7,49,B,0,2,2,7,3,7,0,200,1,ongoing,-,0,0.284603,0.242034,0.083564,0.044809
7,50,W,0,2,4,8,3,7,0,500,0,ongoing,-,0,0.351468,0.272439,0.048604,0.083189
7,51,B,0,1,7,7,6,7,0,0,0,ongoing,-,0,0.041458,-0.051964,0.087853,0.098339
7,52,W,1,0,-1,-1,4,5,5,0,1,ongoing,-,0,0.215573,0.142442,0.095287,0.076980
7,53,B,0,1,6,7,4,5,0,0,0,ongoing,-,0,0.297313,0.205431,0.077974,0.096719
7,54,W,0,0,5,7,6,8,0,0,0,ongoing,-,0,-0.023447,-0.115050,0.099399,0.096425
7,55,B,0,1,5,5,4,6,0,0,1,ongoing,-,0,0.278418,0.237643,0.090896,0.042920
7,56,W,0,0,3,7,3,8,0,0,0,ongoing,-,0,-0.006000,-0.098295,0.046324,0.097152
7,57,B,0,2,4,5,1,5,0,500,0,ongoing,-,0,0.046897,-0.036947,0.093796,0.088257
7,58,W,1,0,-1,-1,1,7,3,0,1,ongoing,-,0,0.262512,0.197494,0.084991,0.068440
7,59,B,0,1,1,5,0,6,0,0,0,ongoing,-,0,-0.006000,-0.079806,0.070840,0.077691
7,60,W,1,0,-1,-1,1,7,8,0,1,ongoing,-,0,0.183491,0.134348,0.074597,0.051729
7,61,B,0,0,0,6,1,6,0,0,0,ongoing,-,0,0.199730,0.128117,0.052924,0.075382
7,62,W,1,0,-1,-1,2,7,13,0,0,ongoing,-,0,0.002094,-0.048831,0.077089,0.053606
7,63,B,0,0,0,2,0,3,0,0,0,ongoing,-,0,-0.024541,-0.083077,0.050422,0.061616
7,64,W,0,0,2,3,2,6,0,0,1,ongoing,-,0,0.225323,0.190890,0.058278,0.036245
7,65,B,2,0,-1,-1,-1,-1,0,0,0,resigned,W,0,-1.876563,-1.876563,0.039442,0.000000
8,1,B,0,0,3,2,4,3,0,0,0,ongoing,-,0,0.002000,-0.077814,0.084073,0.084015
8,2,W,0,0,3,6,4,5,0,0,0,ongoing,-,0,0.037993,-0.035976,0.078526,0.077862
8,3,B,1,0,-1,-1,4,3,12,0,0,ongoing,-,0,0.014987,-0.057025,0.073935,0.075802
8,4,W,0,2,3,8,3,0,0,600,1,ongoing,-,0,0.355980,0.331477,0.071254,0.025793
8,5,B,0,2,4,0,3,0,0,900,0,ongoing,-,0,0.408848,0.334094,0.032409,0.078688
8,6,W,1,0,-1,-1,4,5,12,0,0,ongoing,-,0,0.014966,-0.067722,0.086099,0.087039
8,7,B,0,2,4,3,4,7,0,250,0,ongoing,-,0,0.075209,-0.002442,0.081765,0.081737
8,8,W,0,2,4,5,4,1,0,250,0,ongoing,-,0,0.054202,-0.020024,0.078832,0.078133
8,9,B,1,0,-1,-1,4,7,10,0,1,ongoing,-,0,0.292945,0.265407,0.074533,0.028986
8,10,W,2,0,-1,-1,-1,-1,0,0,0,resigned,B,0,-1.873063,-1.873063,0.034512,0.000000
9,1,B,0,0,4,0,3,1,0,0,0,ongoing,-,0,-0.023000,-0.053168,0.033346,0.031756
9,2,W,0,0,3,6,2,5,0,0,0,ongoing,-,0,0.014993,-0.013788,0.028788,0.030297
9,3,B,0,0,4,2,4,3,0,0,0,ongoing,-,0,0.001987,-0.024447,0.028836,0.027824
9,4,W,0,2,3,8,3,2,0,350,1,ongoing,-,0,0.371730,0.387705,0.025997,-0.016816
9,5,B,0,2,3,1,3,2,0,900,0,ongoing,-,0,0.431973,0.397764,-0.007655,0.036009
9,6,W,1,0,-1,-1,3,5,12,0,1,ongoing,-,0,0.256966,0.255170,0.046459,0.001890
9,7,B,0,1,3,2,2,2,0,0,0,ongoing,-,0,-0.006000,-0.056746,0.007217,0.053416
9,8,W,0,1,2,7,2,5,0,0,1,ongoing,-,0,0.302952,0.297711,0.051756,0.005517
9,9,B,0,0,2,2,4,4,0,0,0,ongoing,-,0,0.274945,0.216313,0.011900,0.061717
9,10,W,1,0,-1,-1,4,5,10,0,1,ongoing,-,0,0.317937,0.303852,0.067110,0.014826
9,11,B,0,1,4,4,4,5,0,0,0,ongoing,-,0,0.296430,0.223015,0.021154,0.077279
9,12,W,1,0,-1,-1,3,5,10,0,1,ongoing,-,0,0.287923,0.263296,0.082769,0.025923
9,13,B,0,1,4,5,4,6,0,0,0,ongoing,-,0,0.314290,0.224438,0.030983,0.094581
9,14,W,1,0,-1,-1,4,5,4,0,1,ongoing,-,0,0.269908,0.232578,0.100026,0.039294
9,15,B,0,1,4,6,4,7,0,0,1,ongoing,-,0,0.554275,0.506978,0.043905,0.049786
9,16,W,2,0,-1,-1,-1,-1,0,0,0,resigned,B,0,-1.873107,-1.873107,0.066067,0.000000
10,1,B,0,0,3,2,4,3,0,0,0,ongoing,-,0,0.002000,-0.055222,0.060292,0.060234
10,2,W,0,0,3,6,4,5,0,0,0,ongoing,-,0,0.037993,-0.014109,0.056317,0.054844
10,3,B,1,0,-1,-1,4,3,12,0,0,ongoing,-,0,0.014987,-0.030484,0.052429,0.047864
10,4,W,1,0,-1,-1,7,5,5,0,0,ongoing,-,0,-0.023020,-0.067824,0.044985,0.047162
10,5,B,0,2,4,3,4,7,0,250,0,ongoing,-,0,0.075223,0.036621,0.043194,0.040633
10,6,W,0,2,3,8,3,0,0,600,1,ongoing,-,0,0.355966,0.375446,0.040402,-0.020505
10,7,B,0,1,4,0,5,0,0,0,0,ongoing,-,0,-0.006000,-0.051413,-0.011181,0.047803
10,8,W,0,1,3,0,4,1,0,0,1,ongoing,-,0,0.270952,0.283115,0.046606,-0.012804
10,9,B,0,2,5,0,4,1,0,900,0,ongoing,-,0,0.418945,0.359689,-0.005778,0.062375
10,10,W,1,0,-1,-1,4,5,12,0,1,ongoing,-,0,0.264937,0.257644,0.072334,0.007677
10,11,B,0,1,4,1,5,2,0,0,0,ongoing,-,0,-0.006000,-0.075556,0.012774,0.073216
10,12,W,0,1,4,5,4,2,0,0,1,ongoing,-,0,0.253923,0.244733,0.070638,0.009673
10,13,B,0,2,5,2,4,2,0,350,0,ongoing,-,0,0.325540,0.250333,0.014746,0.079165
10,14,W,1,0,-1,-1,4,5,10,0,0,ongoing,-,0,0.014908,-0.064375,0.085920,0.083456
10,15,B,1,0,-1,-1,4,7,10,0,1,ongoing,-,0,0.292900,0.277934,0.077717,0.015754
10,16,W,2,0,-1,-1,-1,-1,0,0,0,resigned,B,0,-1.873107,-1.873107,0.021510,0.000000
